,ASSETID,SHOPID,SHOPNAME,ASSETSNAME,ASSETSTYPEID,UNITNAME,ADDRESS
0,28954,8118,张村村委,村内道路,4,,村内
1,23987,8118,张村村委,村委大楼,7,栋,村委
2,24013,8118,张村村委,东教学楼,7,间,小学
3,25096,8118,张村村委,北教学楼,8,栋,小学
4,24016,8118,张村村委,西教学楼,8,间,小学
5,23988,8118,张村村委,鑫源门面房,9,间,村
6,15922,8118,张村村委,饮水机,10,台,村委　
7,15739,8118,张村村委,电视机,10,台,村委
8,15921,8118,张村村委,三斗桌,11,张,大队部
9,24030,8118,张村村委,课桌,11,套,小学
10,15336,8118,张村村委,电视柜,11,个,村委
11,25109,8118,张村村委,方登,11,套,村委
12,25107,8118,张村村委,木椅,11,套,村委
13,25103,8118,张村村委,五斗桌,11,套,村委
14,15934,8118,张村村委,沙发,11,套,村委
15,25111,8118,张村村委,书架,11,套,村委
16,25102,8118,张村村委,会议桌,11,套,村委　
17,15920,8118,张村村委,学校办公桌,11,套,小学
18,15735,8118,张村村委,办公桌,11,张,大队部
19,15548,8118,张村村委,办公桌,11,张,村委
20,25105,8118,张村村委,茶机,11,套,村委
21,16505,8118,张村村委,档案柜,11,个,村委
22,26962,8118,张村村委,老板椅,11,把,村委
23,24010,8118,张村村委,舞台,12,座,村委院
24,16212,8118,张村村委,电视机,12,台,小学
25,25092,8118,张村村委,运动场,12,套,小学
26,26964,8118,张村村委,乒乓球案,12,套,小学
27,31329,8118,张村村委,体育器械,17,套,村文化大院
28,25090,8118,张村村委,机井,17,套,村委
29,25099,8118,张村村委,小学机井,17,个,小学
30,28883,8118,张村村委,道路,543,米,村内
31,32004,8118,张村村委,村内道路,543,套,张后、东二、张中、西西、宅沟组
32,16504,8131,杜家村委,南岭房子,7,间,南岭
33,15730,8131,杜家村委,村委大院房子,7,间,村委大院
34,15333,8131,杜家村委,教学楼,8,间,村学校
35,23968,8131,杜家村委,饮水机,10,套,村委　
36,23942,8131,杜家村委,课桌,11,套,村委
37,23967,8131,杜家村委,电风扇,11,台,村委
38,23964,8131,杜家村委,沙发,11,套,村委
39,23953,8131,杜家村委,办公桌椅,11,套,村委
40,23962,8131,杜家村委,办公桌,11,套,村委
41,23966,8131,杜家村委,单人床,11,套,村委
42,23945,8131,杜家村委,书柜,11,套,村委
43,16210,8131,杜家村委,戏楼,12,座,村中间
44,23971,8131,杜家村委,乒乓球案,12,套,村委
45,23969,8131,杜家村委,电视机,12,套,村委
46,23973,8131,杜家村委,机井,13,套,村东05公里处
47,15729,8131,杜家村委,戏鼓,16,个,村委　
48,15732,8131,杜家村委,戏锣,16,个,村委
49,15237,8131,杜家村委,广播机,16,台,村委
50,15731,8131,杜家村委,凳子,16,个,村委
51,16211,8131,杜家村委,戏钗,16,双,村委
52,15733,8131,杜家村委,药具柜,16,个,村委
53,31328,8131,杜家村委,文化体育器材,17,,村大队部
54,23949,8131,杜家村委,路灯,18,盏,村内
55,15746,8142,河南庄村委,电表,6,个,村委　
56,15935,8142,河南庄村委,电线,6,米,村委
57,16367,8142,河南庄村委,办公楼,7,间,村委
58,15318,8142,河南庄村委,原村委办公楼,7,间,村内
59,25826,8142,河南庄村委,电脑,10,套,村委
60,15338,8142,河南庄村委,书柜,11,个,村委
61,15337,8142,河南庄村委,柜,11,个,村委
62,15123,8142,河南庄村委,凳子,11,个,村委
63,15241,8142,河南庄村委,办公桌,11,张,村委
64,15748,8142,河南庄村委,椅子,11,把,村委
65,15745,8142,河南庄村委,药具柜,11,个,村委
66,15744,8142,河南庄村委,计生课桌,11,张,村委
67,15936,8142,河南庄村委,床,11,张,村委
68,15124,8142,河南庄村委,钗,12,个,村委
69,15747,8142,河南庄村委,鼓,12,个,村委
70,16506,8142,河南庄村委,电视机,12,台,村委
71,15240,8142,河南庄村委,小鼓,12,个,村委
72,14896,8142,河南庄村委,衣服,12,套,村委
73,25828,8142,河南庄村委,农家书屋,12,套,村委　
74,16286,8142,河南庄村委,DVD,12,个,村委
75,16283,8142,河南庄村委,球篮,12,付,村委
76,25825,8142,河南庄村委,文化大院,12,座,文化大院
77,15432,8142,河南庄村委,远程教育播放机,14,台,村委　
78,31330,8142,河南庄村委,体育器械,17,,文化大院
79,25829,8142,河南庄村委,道路,18,平方米,村内
80,15751,8151,荆村村委,硬化道路,6,米,西沟
81,15924,8151,荆村村委,牛场,6,间,荆村牛场
82,15339,8151,荆村村委,村委办公楼,7,间,村委
83,23912,8151,荆村村委,电器,10,套,村委
84,23907,8151,荆村村委,竹床,11,套,村委
85,23908,8151,荆村村委,档案柜,11,套,村委
86,14979,8151,荆村村委,凳子,11,个,村委
87,15750,8151,荆村村委,电视柜,11,个,村委
88,15749,8151,荆村村委,桌子,11,张,村委　
89,23909,8151,荆村村委,连椅,11,套,村委
90,15937,8151,荆村村委,高音喇叭,12,个,村委
91,15125,8151,荆村村委,电视机,12,台,村委
92,23919,8151,荆村村委,文化大院,12,套,村委
93,23905,8151,荆村村委,农家书屋,12,套,村委　
94,23906,8151,荆村村委,健身器材,12,套,村委　
95,23910,8151,荆村村委,麻将桌,12,套,村委
96,16287,8151,荆村村委,乒乓球案,12,个,村委
97,23904,8151,荆村村委,篮球架,12,套,村委
98,23911,8151,荆村村委,机井,13,套,荆下
99,31331,8151,荆村村委,体育器械,17,套,文化大院
100,16507,8160,秦村村委,老队部房子,7,间,村委
101,14897,8160,秦村村委,文化大院,7,间,村委会
102,16288,8160,秦村村委,教学楼,8,间,学校
103,23200,8160,秦村村委,电脑,10,台,村委　
104,16508,8160,秦村村委,凳子,11,个,村委
105,15752,8160,秦村村委,柜,11,个,材
106,15147,8160,秦村村委,椅子,11,把,村委
107,23195,8160,秦村村委,沙发,11,套,村委　
108,23197,8160,秦村村委,床,11,套,村委
109,16289,8160,秦村村委,桌子　,11,张,村委
110,23202,8160,秦村村委,农家书屋,12,套,村委　
111,14980,8160,秦村村委,戏楼,12,座,文化大院
112,23203,8160,秦村村委,社火,12,套,村委
113,16368,8160,秦村村委,电视机VCD,12,套,村委
114,23201,8160,秦村村委,监控器,17,个,村内
115,23204,8160,秦村村委,吃水工程,17,套,村西口
116,23205,8160,秦村村委,道路,18,米,村内
117,15551,8170,安北村委,防盗门,6,个,村委
118,15876,8170,安北村委,龙耳寺,6,间,龙耳寺
119,15875,8170,安北村委,村委大院,7,间,村委
120,15433,8170,安北村委,教学楼,8,栋,学校
121,31623,8170,安北村委,水泵,10,台,村部
122,15319,8170,安北村委,电视机　,10,台,村委
123,15878,8170,安北村委,VCD、音响、功放,10,套,村委
124,15877,8170,安北村委,电脑,10,台,村委
125,16509,8170,安北村委,凳子,11,个,村委
126,14981,8170,安北村委,办公桌,11,张,村委
127,15148,8170,安北村委,柜子,11,个,村委
128,31332,8170,安北村委,体育器械,17,套,文化大院
129,30426,8170,安北村委,村内道路,541,米,村内道路
130,15879,8182,漏泉村委,平房,7,间,村部
131,15149,8182,漏泉村委,教学楼,8,栋,小学校
132,24746,8182,漏泉村委,电视机,10,台,村委
133,15242,8182,漏泉村委,计算机,10,台,学校
134,16290,8182,漏泉村委,办公桌、课桌,11,张,学校
135,15880,8182,漏泉村委,凳子,11,个,学校
136,15550,8182,漏泉村委,柜子,11,个,学校
137,23183,8182,漏泉村委,农家书屋,12,套,村委
138,15552,8182,漏泉村委,篮球架,12,付,学校
139,15126,8182,漏泉村委,乒乓球,12,台,学校
140,31333,8182,漏泉村委,体育器械,17,套,文化大院
141,23188,8182,漏泉村委,道路,18,米,村内
142,23125,8195,曹窑村委,平房、瓦房,7,间,村委
143,23127,8195,曹窑村委,砖窑,9,孔,原大队部
144,23135,8195,曹窑村委,电视机,10,套,村委
145,23138,8195,曹窑村委,电脑,10,台,村委
146,23133,8195,曹窑村委,凳子,11,套,村委
147,23129,8195,曹窑村委,办公桌,11,套,村委
148,23130,8195,曹窑村委,会议卓,11,套,村委
149,23142,8195,曹窑村委,柜子,11,套,村委
150,23120,8195,曹窑村委,文化大院,12,套,文化大院
151,23146,8195,曹窑村委,自动麻将桌,12,台,村委
152,28884,8195,曹窑村委,健身器材,12,套,文化大院
153,31334,8195,曹窑村委,体育器械,17,套,文化大院
154,14983,8209,三化沟村委,村委房屋,7,间,村委
155,14900,8209,三化沟村委,电脑,10,台,村委
156,16152,8209,三化沟村委,电暖器,10,台,村委
157,22933,8209,三化沟村委,电风扇,10,套,村委　
158,16511,8209,三化沟村委,电脑,10,台,村委
159,15129,8209,三化沟村委,电视机,10,台,村委
160,22945,8209,三化沟村委,饮水机,10,个,村委　
161,15554,8209,三化沟村委,档案柜,11,个,村委
162,15151,8209,三化沟村委,办公椅,11,张,村委
163,24686,8209,三化沟村委,沙发,11,套,村委
164,16153,8209,三化沟村委,书案,11,个,村委
165,16149,8209,三化沟村委,连椅,11,把,村委
166,15939,8209,三化沟村委,床头柜,11,个,村委
167,22944,8209,三化沟村委,电视柜,11,个,村委　
168,22888,8209,三化沟村委,老板椅,11,把,村委
169,16371,8209,三化沟村委,床,11,床,村委
170,16370,8209,三化沟村委,条桌子,11,张,村委
171,15128,8209,三化沟村委,书柜,11,个,村委
172,15127,8209,三化沟村委,方凳子,11,个,村委
173,24887,8209,三化沟村委,投影机,12,台,村委
174,15342,8209,三化沟村委,麻将桌子、椅子,12,套,村委
175,15343,8209,三化沟村委,DVD、喇叭、扩音器,12,套,村委
176,15153,8209,三化沟村委,乒乓球案,12,付,村委
177,15130,8209,三化沟村委,远程教育,12,台,村委
178,22911,8209,三化沟村委,篮球架,12,套,文化大院
179,22882,8209,三化沟村委,文化大院,12,套,文化大院
180,15943,8209,三化沟村委,健身器,12,个,村委
181,15436,8209,三化沟村委,麻将牌、象棋,12,付,村委
182,15154,8209,三化沟村委,泵房、水泵、蓄水池,13,套,村
183,22943,8209,三化沟村委,报警器,17,个,村委
184,22940,8209,三化沟村委,摄像头,17,个,村委
185,22946,8209,三化沟村委,村水泥路,18,平方米,村内
186,24659,8220,桑树坪村委,瓦房,7,平米,村委
187,24657,8220,桑树坪村委,教学楼,8,间,村委
188,24652,8220,桑树坪村委,电脑,10,套,村委
189,24660,8220,桑树坪村委,卫星接收器,10,套,村委
190,24649,8220,桑树坪村委,电视机,10,套,村委
191,24646,8220,桑树坪村委,床,11,套,村委
192,24638,8220,桑树坪村委,沙发,11,套,村委
193,32564,8220,桑树坪村委,学生用桌凳,11,套,学校
194,24633,8220,桑树坪村委,办公桌,11,套,村委
195,24642,8220,桑树坪村委,课桌,11,套,村委
196,24661,8220,桑树坪村委,篮球架,12,套,村委
197,24664,8220,桑树坪村委,乒乓球案,12,套,村委
198,31335,8220,桑树坪村委,体育器械,17,套,文化大院
199,24663,8220,桑树坪村委,监控器,17,个,村委
200,24662,8220,桑树坪村委,道路,18,公里,桑树坪村
201,29887,8220,桑树坪村委,12年度一事一议道路,543,千米,村内
202,24582,8232,高桥村委,办公楼,7,栋,高桥新村
203,28885,8232,高桥村委,打印机,10,个,大队部
204,24596,8232,高桥村委,电脑,10,台,村委
205,31610,8232,高桥村委,格力空调,10,台,村室
206,24592,8232,高桥村委,电视机,10,台,村委
207,24594,8232,高桥村委,凳子,11,套,村委
208,24589,8232,高桥村委,档案柜,11,套,村委
209,24588,8232,高桥村委,椅子,11,套,村委
210,24593,8232,高桥村委,连椅,11,把,村委
211,24599,8232,高桥村委,沙发,11,套,村委
212,24585,8232,高桥村委,办公桌,11,张,村委
213,24576,8232,高桥村委,桌子,11,张,村委
214,30067,8232,高桥村委,宣传栏,17,个,村部
215,31336,8232,高桥村委,体育器械,17,套,文化大院
216,30069,8232,高桥村委,监控系统,17,个,村内
217,24598,8232,高桥村委,道路及排水工程,18,米,新村
218,30070,8232,高桥村委,12年一事一议工程　,541,千米,村内
219,30066,8232,高桥村委,垃圾桶,541,千米,村内
220,24550,8241,杨家新村村委,村委办公室,7,所,村委
221,24619,8241,杨家新村村委,学校,8,所,杨家、关家
222,24548,8241,杨家新村村委,牛场,9,平米,杨家村南
223,24532,8241,杨家新村村委,办公家具,11,套,村委　
224,24529,8241,杨家新村村委,健身器材,12,套,村委、文化大院
225,24552,8241,杨家新村村委,农家书屋,12,套,杨家
226,24551,8241,杨家新村村委,文化大院,12,所,关家
227,24554,8241,杨家新村村委,远程教育,12,套,村委
228,24549,8241,杨家新村村委,机井,13,套,杨家、青山、关家
229,24525,8241,杨家新村村委,保洁设施,17,个,杨家、青山
230,24526,8241,杨家新村村委,排水工程,18,米,杨家新村
231,28886,8245,利津村村委,垃圾池,4,个,村内　
232,24498,8245,利津村村委,办公楼,7,间,村委
233,24501,8245,利津村村委,教学楼,8,间,村委
234,24508,8245,利津村村委,电脑,10,套,村委
235,24507,8245,利津村村委,电视机,10,套,学校
236,32765,8245,利津村村委,春兰35空调,10,套,学校
237,32766,8245,利津村村委,TCL电视32#,10,套,学校
238,32764,8245,利津村村委,春兰72空调,10,台,学校
239,24503,8245,利津村村委,办公家具,11,套,村委
240,24509,8245,利津村村委,文化大院,12,座,仁村组西南
241,24510,8245,利津村村委,休闲广场,12,套,村西口
242,24511,8245,利津村村委,机井,13,套,仁村组西南、班村组西边
243,28887,8245,利津村村委,三轮车,15,台,村
244,31337,8245,利津村村委,体育器械,17,套,文化大院
245,24497,8245,利津村村委,护坡（一事一议）,18,立方米,利津村三口东西两侧
246,24514,8245,利津村村委,道路,18,平方米,村内、村外
247,22500,8316,后河村委,戏楼,1,栋,陈村乡后河村
248,22490,8316,后河村委,后河村委办公楼,7,栋,陈村乡后河村
249,22494,8316,后河村委,教学楼,8,栋,陈村乡后河村
250,22504,8316,后河村委,学校宿舍,8,间,陈村乡后河村
251,22502,8316,后河村委,村委办公楼伙房,9,间,陈村乡后河村
252,22497,8316,后河村委,幼儿园伙房,9,间,陈村乡后河村
253,22514,8316,后河村委,图书室,9,间,陈村乡后河村
254,23389,8316,后河村委,电脑、电视、桌、椅,10,套,陈村乡后河村
255,27019,8317,贯沟村委,村委房屋,7,间,贯沟村
256,27018,8317,贯沟村委,村委房屋（旧）,7,间,贯沟村
257,27022,8317,贯沟村委,音箱、碟机,10,套,贯沟村委
258,27021,8317,贯沟村委,电视机,10,台,贯沟村委
259,27020,8317,贯沟村委,办公桌椅,11,件,贯沟村委
260,27024,8317,贯沟村委,座钟,11,台,贯沟村委
261,27023,8317,贯沟村委,沙发,11,套,贯沟村委
262,27025,8317,贯沟村委,健身器材,12,件,贯沟村
263,23408,8318,石板沟村委,文化大院,7,间,陈村乡石板沟村
264,23407,8318,石板沟村委,教学楼,8,间,陈村乡石板沟村
265,22586,8318,石板沟村委,三间平房,9,间,陈村乡石板沟村
266,22577,8318,石板沟村委,办公桌,11,张,陈村乡石板沟村
267,22580,8318,石板沟村委,凳子,11,张,陈村乡石板沟村
268,22881,8319,范洼村委,文化大院,7,间,陈村乡范洼村
269,22884,8319,范洼村委,教学楼,8,间,陈村乡范洼村
270,22887,8319,范洼村委,电视机,10,台,陈村乡范洼村
271,22885,8319,范洼村委,桌、凳,11,套,陈村乡范洼村
272,23465,8319,范洼村委,图书,12,套,陈村乡范洼村
273,22889,8319,范洼村委,乒乓球案、篮球栏,12,套,陈村乡范洼村
274,27026,8320,口里村委,村委文化大院,7,平方米,口里村
275,22537,8321,五爱村委,原村部旧房,7,间,陈村乡五爱村
276,22533,8321,五爱村委,原教学楼,8,间,陈村乡五爱村
277,22555,8321,五爱村委,电脑,10,台,陈村乡五爱村
278,22559,8321,五爱村委,电视机顶盒,10,套,陈村乡五爱村
279,22553,8321,五爱村委,电视机,10,台,陈村乡五爱村
280,22551,8321,五爱村委,桌、椅、床、柜,11,件,
281,22544,8321,五爱村委,办公桌,11,个,陈村乡五爱村
282,22547,8321,五爱村委,办公椅,11,套,陈村乡五爱村
283,22543,8321,五爱村委,铁皮柜,11,个,陈村乡五爱村
284,22540,8321,五爱村委,体育设施,12,套,陈村乡五爱村
285,22520,8322,一心村委,村委办公楼,7,平米,陈村乡一心村
286,22523,8322,一心村委,文化大院,7,平米,陈村乡一心村
287,22517,8322,一心村委,教学楼,8,平米,陈村乡一心村
288,22526,8322,一心村委,办公桌椅,11,套,陈村乡一心村
289,22529,8322,一心村委,计生室旧桌椅,11,套,陈村乡一心村
290,22525,8322,一心村委,远程教育,12,套,陈村乡一心村
291,27028,8323,白浪村委,村委文化大院,7,间,白浪村
292,27027,8323,白浪村委,白浪学校,8,间,白浪村
293,27030,8323,白浪村委,卫生所,9,间,白浪村
294,27031,8323,白浪村委,电脑、复印机,10,套,白浪村
295,27029,8323,白浪村委,办公桌椅,11,套,白浪村委
296,27033,8323,白浪村委,文化广场,12,块,白浪村
297,27032,8323,白浪村委,机井,13,眼,白浪村
298,22450,8324,槐扒村委,槐扒村委,7,平米,陈村乡槐扒村
299,22442,8324,槐扒村委,槐扒学校,8,平米,陈村乡槐扒村
300,22456,8324,槐扒村委,电视机、电脑,10,台,陈村乡槐扒村
301,22475,8324,槐扒村委,电暖器,10,套,陈村乡槐扒村
302,22487,8324,槐扒村委,vcd,10,台,陈村乡槐扒村
303,22480,8324,槐扒村委,广播,11,台,陈村乡槐扒村
304,22464,8324,槐扒村委,办公椅,11,张,陈村乡槐扒村
305,22483,8324,槐扒村委,档案柜,11,个,陈村乡槐扒村
306,22477,8324,槐扒村委,沙发床,11,张,陈村乡槐扒村
307,22472,8324,槐扒村委,课桌,11,张,陈村乡槐扒村
308,22460,8324,槐扒村委,办公桌,11,张,陈村乡槐扒村
309,23518,8325,黄花村委,文化大院,7,所,陈村乡黄花村
310,23164,8325,黄花村委,办公楼,7,栋,陈村乡黄花村
311,27034,8325,黄花村委,蓝天幼儿园,8,间,黄花村
312,23226,8325,黄花村委,黄花村小学,8,间,陈村乡黄花村
313,23224,8325,黄花村委,门面房,9,间,
314,23235,8325,黄花村委,饮水机、空调、,10,套,陈村乡黄花村
315,23227,8325,黄花村委,公示栏,10,个,陈村乡黄花村
316,23236,8325,黄花村委,电脑、电视,10,台,陈村乡黄花村
317,23231,8325,黄花村委,办公桌,11,套,陈村乡黄花村
318,23524,8325,黄花村委,桌、椅,11,套,陈村乡黄花村
319,23228,8325,黄花村委,资料柜,11,个,陈村乡黄花村
320,23229,8325,黄花村委,沙发,11,套,陈村乡黄花村
321,23230,8325,黄花村委,办公椅,11,把,陈村乡黄花村
322,23234,8325,黄花村委,复印机、保险柜、会议桌,11,套,陈村乡黄花村
323,23233,8325,黄花村委,连椅、书柜,11,套,陈村乡黄花村
324,23522,8325,黄花村委,健身器材,12,套,陈村乡黄花村
325,22593,8326,鱼池村委,支部、村委、文化大院,7,间,陈村乡鱼池村
326,22628,8326,鱼池村委,学生宿舍,8,间,陈村乡鱼池村
327,22631,8326,鱼池村委,教师用办公楼,8,间,陈村乡鱼池村
328,22626,8326,鱼池村委,维族学校,8,间,陈村乡鱼池村
329,22632,8326,鱼池村委,学生食堂,8,间,陈村乡鱼池村
330,22623,8326,鱼池村委,档案柜,11,个,陈村乡鱼池村
331,22620,8326,鱼池村委,办公桌,11,套,陈村乡鱼池村
332,22612,8326,鱼池村委,图书柜,11,个,陈村乡鱼池村
333,22605,8326,鱼池村委,凳子,11,个,陈村乡鱼池村
334,22596,8326,鱼池村委,办公桌,11,张,陈村乡鱼池村
335,22601,8326,鱼池村委,课桌,11,张,陈村乡鱼池村
336,22625,8326,鱼池村委,椅子,11,套,陈村乡鱼池村
337,22608,8326,鱼池村委,远程教育设施,12,套,陈村乡鱼池村
338,28626,8327,苜蓿村委,新建村委房屋,7,间,陈村乡苜蓿村
339,28627,8327,苜蓿村委,电脑、电视、音响,10,台,陈村乡苜蓿村委办公室
340,28625,8327,苜蓿村委,桌、椅、床、柜,11,批,陈村乡苜蓿村委办公室
341,28624,8327,苜蓿村委,苜蓿新老学校,12,间,陈村乡苜蓿村
342,28628,8327,苜蓿村委,主席像一尊,18,尊,陈村乡苜蓿村
343,28629,8328,滹沱村委,文化大院房屋,7,平米,陈村乡泘沱村
344,28630,8328,滹沱村委,泘沱小学,8,间,陈村乡泘沱村
345,28632,8328,滹沱村委,电脑、电视,10,台,陈村乡泘沱村委办公室
346,28631,8328,滹沱村委,办公家具,11,套,陈村乡泘沱村委办公室
347,28633,8328,滹沱村委,自来水井,18,眼,陈村乡泘沱村
348,22866,8329,万寿村委,文化大院,7,间,陈村乡万寿村
349,22868,8329,万寿村委,万寿学校,8,间,陈村乡万寿村
350,22876,8329,万寿村委,电视机、投影机,10,套,
351,22871,8329,万寿村委,办公桌、凳、书柜,11,张,陈村乡万寿村
352,22879,8329,万寿村委,乒乓球案、篮球蓝,12,个,陈村乡万寿村
353,22873,8329,万寿村委,图书,12,册,陈村乡万寿村
354,22906,8350,南庄村委,村委办公楼,7,间,陈村乡南庄村
355,23329,8350,南庄村委,南庄学校,8,平米,陈村乡南庄村
356,22931,8350,南庄村委,投影机、电视机、铁皮柜,10,套,陈村乡南庄村
357,22917,8350,南庄村委,电脑、音响、饮水机,10,台,陈村乡南庄村
358,22936,8350,南庄村委,扩音机、喇叭、报纸架,10,套,陈村乡南庄村
359,22939,8350,南庄村委,床、吊扇、饮水机,10,张,陈村乡南庄村
360,22938,8350,南庄村委,办公桌、椅、沙发,11,套,陈村乡南庄村
361,22921,8350,南庄村委,桌、椅、凳,11,套,陈村乡南庄村
362,22927,8350,南庄村委,办公桌、椅,11,套,陈村乡南庄村
363,22941,8350,南庄村委,篮球架,12,付,陈村乡南庄村
364,22924,8350,南庄村委,乒乓球案、篮球蓝,12,付,陈村乡南庄村
365,23470,8350,南庄村委,广场,12,个,陈村乡南庄村
366,22942,8350,南庄村委,大鼓、钗,18,个,陈村乡南庄村
367,22928,8350,南庄村委,图书,18,个,陈村乡南庄村
368,27036,8351,池底村委,村委文化大院,7,间,池底村
369,27035,8351,池底村委,池底学校,8,间,池底村
370,27041,8351,池底村委,电视机,10,,池底村
371,27042,8351,池底村委,电脑,10,台,池底村
372,27037,8351,池底村委,办公桌椅,11,套,池底村
373,27038,8351,池底村委,图书柜,11,个,池底村
374,27039,8351,池底村委,乒乓球案,12,个,池底村
375,27040,8351,池底村委,球栏,12,个,池底村
376,23139,8352,段村村委,文化大院,7,间,陈村乡段村村
377,23134,8352,段村村委,段村学校,8,间,陈村乡段村村
378,28622,8352,段村村委,办公桌,11,套,陈村乡段村村村室
379,23122,8352,段村村委,电视机、投影机、,12,台,陈村乡段村村
380,28623,8352,段村村委,文体设施,12,套,陈村乡段村村委院内
381,27046,8353,永家院村委,文化大院,7,间,永家院村
382,27043,8353,永家院村委,学校教学楼,8,间,永家院村
383,27045,8353,永家院村委,厕所,9,个,永家院村
384,27044,8353,永家院村委,房屋（西厦）,9,间,永家院村
385,27050,8353,永家院村委,电脑,10,台,永家院村
386,27047,8353,永家院村委,书柜,11,个,永家院村
387,27048,8353,永家院村委,办公桌,11,张,永家院村
388,27049,8353,永家院村委,椅子、木凳,11,把,永家院村
389,27051,8353,永家院村委,电锤,18,个,永家院村
390,27052,8354,朱城村委,文化大院,7,间,朱城村
391,27053,8354,朱城村委,学校房屋,8,间,朱城村
392,27054,8354,朱城村委,办公设备,10,套,朱城村
393,27055,8354,朱城村委,办公家具,11,套,朱城村
394,27056,8354,朱城村委,健身器材,12,套,朱城村
395,27057,8354,朱城村委,教学器材,14,套,朱城村
396,27067,8355,下马头村委,文化大院,7,间,下马头村
397,27068,8355,下马头村委,教学楼,8,间,下马头村
398,27065,8355,下马头村委,远程电视、电暖风,10,台,下马头村
399,27064,8355,下马头村委,电脑、电风扇、饮水机,10,台,下马头村
400,27062,8355,下马头村委,档案柜、图书柜,11,个,下马头村
401,27066,8355,下马头村委,方凳,11,张,下马头村
402,27063,8355,下马头村委,办公桌椅,11,张,下马头村
403,27060,8355,下马头村委,篮球蓝,12,个,下马头村
404,27058,8355,下马头村委,图书阅读案,12,个,下马头村
405,27059,8355,下马头村委,乒乓球案,12,个,下马头村
406,27061,8355,下马头村委,计生检查床,17,张,下马头村
407,22835,8356,柳永村委,村委办公楼,7,间,陈村乡柳永村
408,22839,8356,柳永村委,教学楼,8,间,陈村乡柳永村
409,22838,8356,柳永村委,配套房,9,间,陈村乡柳永村
410,22843,8356,柳永村委,电脑、电视、电脑风,10,台,陈村乡柳永村
411,22847,8356,柳永村委,连椅,11,把,陈村乡柳永村
412,22840,8356,柳永村委,沙发、桌子、椅子、凳子,11,套,陈村乡柳永村
413,22861,8356,柳永村委,健身器材,12,套,陈村乡柳永村
414,22863,8356,柳永村委,机井、配套设备,13,眼,陈村乡柳永村
415,22856,8356,柳永村委,水泵、电缆、钢管、胶管,15,台,陈村乡柳永村
416,22859,8356,柳永村委,垃圾车,18,辆,陈村乡柳永村
417,27069,8357,韶兴村委,文化大院,7,间,韶兴村
418,27072,8357,韶兴村委,电视机、扩音机,10,台,韶兴村
419,27071,8357,韶兴村委,沙发,11,套,韶兴村
420,27073,8357,韶兴村委,方桌、长凳,11,张,韶兴村
421,27070,8357,韶兴村委,办公桌,11,张,韶兴村
422,23330,8357,韶兴村委,健身器材、篮球栏,12,套,陈村乡韶兴村
423,21774,10512,东关村委,新建办公楼,7,间,
424,21778,10512,东关村委,东关小学,7,间,
425,21817,10512,东关村委,电脑,10,台,
426,21816,10512,东关村委,远程教育设备,10,套,
427,21815,10512,东关村委,电视,10,台,
428,22307,10512,东关村委,沙发排椅,11,个,
429,22299,10512,东关村委,1.8米办公桌,11,张,
430,22297,10512,东关村委,1.6米办公桌,11,张,
431,22291,10512,东关村委,铁皮柜,11,个,
432,22309,10512,东关村委,茶机,11,个,
433,22285,10512,东关村委,办公桌子,11,张,
434,22320,10512,东关村委,1.2米会议桌,11,张,
435,22312,10512,东关村委,5米双层会议桌,11,张,
436,22317,10512,东关村委,椅子,11,把,
437,22311,10512,东关村委,弓形椅,11,个,
438,22287,10512,东关村委,凳子,11,个,
439,22295,10512,东关村委,木柜,11,个,
440,22303,10512,东关村委,1.2米办公桌,11,张,
441,22316,10512,东关村委,铁皮书柜,11,个,
442,21823,10512,东关村委,狮子、锣鼓、镲,18,套,
443,29062,10514,南村村委,喇叭、扩音机,1,套,南村村委
444,23336,10514,南村村委,学校房屋,8,间,南村村
445,23363,10514,南村村委,办公桌椅,11,套,南村村委
446,23367,10514,南村村委,办公沙发、老板桌、茶几,11,套,南村村委
447,23373,10514,南村村委,篮球、篮球蓝,12,套,南村村
448,23400,10514,南村村委,水井,13,处,南村村
449,23401,10514,南村村委,水塘,13,处,南村村
450,23416,10514,南村村委,农家书屋,14,处,南村村
451,23381,10514,南村村委,远程教育,17,个,南村村委
452,23418,10514,南村村委,一事一议项目（道路）,18,条,南村村
453,23411,10514,南村村委,村组道路,18,公里,南村村
454,23409,10514,南村村委,村组道路,18,条,南村村
455,24324,10543,仁村村委,村委房屋,7,间,仁村村
456,24331,10543,仁村村委,学校房屋,8,间,仁村村
457,24364,10543,仁村村委,文化大楼,9,栋,仁村村
458,24366,10543,仁村村委,办公家具,11,套,仁村村委
459,24365,10543,仁村村委,办公家具,11,套,仁村村委
460,28847,10543,仁村村委,桌、椅、沙发等,11,套,仁村村委
461,24339,10543,仁村村委,篮球蓝、篮球,12,套,仁村村 
462,24359,10543,仁村村委,文艺活动用品,12,套,仁村村委
463,24342,10543,仁村村委,乒乓球案,12,套,仁村村
464,24363,10543,仁村村委,抗旱电泵、柴油泵,13,套,仁村村委
465,28832,10543,仁村村委,水利设施,13,套,仁村村
466,28833,10543,仁村村委,远程教育设备,14,套,仁村村委
467,28846,10543,仁村村委,电脑,16,台,仁村村委
468,24346,10543,仁村村委,村级道路,18,条,仁村村
469,24356,10543,仁村村委,其它用品,18,套,仁村村委
470,24327,10543,仁村村委,楼梯,18,架,仁村村委
471,24367,10543,仁村村委,村级道路,18,条,仁村村
472,24407,10555,青山村委,村委房屋,7,间,青山村
473,24412,10555,青山村委,老板桌、椅,11,套,青山村委
474,24411,10555,青山村委,桌、凳,11,套,青山村委
475,24409,10555,青山村委,档案柜,11,套,青山村委
476,24413,10555,青山村委,乒乓球案,12,套,青山村委
477,24414,10555,青山村委,牌桌,12,张,青山村委
478,28845,10555,青山村委,水利设施,13,套,青山村
479,24417,10555,青山村委,远程教育设备,17,套,青山村委
480,24419,10555,青山村委,防汛警报器,17,套,青山村委
481,24429,10555,青山村委,村组道路,18,条,青山村
482,24423,10555,青山村委,村委支前岭公路,18,条,青山村
483,24430,10555,青山村委,村组道路,18,条,青山村 
484,24428,10555,青山村委,村组道路,18,条,青山村
485,24426,10555,青山村委,村组道路,18,条,青山村
486,24432,10555,青山村委,村组道路,18,条,青山村
487,24434,10555,青山村委,村组道路,18,条,青山村
488,24435,10555,青山村委,村组道路,18,条,青山村
489,25006,10557,西阳村委,村委办公楼,7,间,
490,25008,10557,西阳村委,学校教学楼,8,间,
491,25007,10557,西阳村委,村戏楼,9,座,
492,25012,10557,西阳村委,电视播放器,10,套,
493,25010,10557,西阳村委,村办公家具,11,套,
494,25011,10557,西阳村委,乒乓球、篮球案,12,套,
495,25009,10557,西阳村委,学校办公家俱,14,套,
496,25013,10557,西阳村委,路灯,18,盏,
497,23510,10566,柏树村委,学校房屋,8,间,柏树村
498,23540,10566,柏树村委,办公家具,11,套,柏树村委
499,23543,10566,柏树村委,办公家具,11,套,柏树村委
500,23532,10566,柏树村委,文化娱乐设施,12,处,利津社区
501,23526,10566,柏树村委,水利工程,13,处,柏树村
502,23511,10566,柏树村委,远程教育,17,套,柏树村委
503,23521,10566,柏树村委,组级道路,18,公里,柏树村
504,23515,10566,柏树村委,村级道路,18,条,柏树村
505,23658,10573,后川村委,后川文化大院,7,间, 后川村
506,23655,10573,后川村委,村委房屋,7,间,后川村
507,23661,10573,后川村委,桌、椅,11,套,后川村
508,23665,10573,后川村委,文化体育娱乐设施,12,套,后川村委
509,23663,10573,后川村委,文化体育娱乐设施,12,套,后川村委
510,24640,10573,后川村委,水利工程,13,处,后川七、九、十组
511,24611,10573,后川村委,吃水工程,13,处,后川村
512,24621,10573,后川村委,水利工程,13,处,后川八组
513,24620,10573,后川村委,水利工程,13,处,后川三组
514,24635,10573,后川村委,水利工程,13,处,后川五、六组
515,23666,10573,后川村委,专用设备,17,台,后川村委
516,24607,10573,后川村委,村级道路,18,公里,后川村
517,24610,10573,后川村委,组级道路,18,公里,后川村
518,24609,10573,后川村委,村委至段峪,18,公里,后川村
519,25022,10578,高村村委,村委办公室,7,平米,
520,25018,10578,高村村委,学校房屋教学楼,8,平米,
521,25020,10578,高村村委,教师宿舍,8,平米,
522,25033,10578,高村村委,电视机,10,台,
523,25024,10578,高村村委,沙发,10,套,
524,25029,10578,高村村委,阅读台,10,个,
525,25030,10578,高村村委,铁椅子,11,个,
526,25038,10578,高村村委,书柜,11,个,
527,25027,10578,高村村委,桌子,11,张,
528,25028,10578,高村村委,凳子,11,个,
529,25025,10578,高村村委,老板桌,11,张,
530,25026,10578,高村村委,沙发椅,11,把,
531,25023,10578,高村村委,会议台案,11,套,
532,25034,10578,高村村委,篮球栏,12,个,
533,25036,10578,高村村委,球案,12,个,
534,25032,10578,高村村委,投影机,14,台,
535,27572,10578,高村村委,水泥路,18,平米,
536,25040,10578,高村村委,图书,18,册,
537,26582,10579,东张村村委,村委房屋,7,间,东村、西村中心处
538,26586,10579,东张村村委,书柜,10,个,东村、西村中心处
539,38079,10579,东张村村委,椅子,11,个,东张村村委
540,26583,10579,东张村村委,桌椅,11,套,东村、西村中心处
541,38077,10579,东张村村委,会议桌,11,个,东张村村委
542,38078,10579,东张村村委,办公桌,11,个,东张村村委
543,38080,10579,东张村村委,办公沙发,11,套,东张村村委
544,26585,10579,东张村村委,健身器材,12,套,东村、西村中心处
545,26584,10579,东张村村委,电视机,12,台,东村、西村中心处
546,38164,10579,东张村村委,监控设备,16,个,东张村
547,26587,10579,东张村村委,图书,18,本,东村、西村中心处
548,38160,10579,东张村村委,太阳能路灯,541,千米,东张村
549,38161,10579,东张村村委,景观灯,541,千米,东张村
550,24803,10585,果园村委,村室,7,平米,
551,24802,10585,果园村委,师生宿舍,8,间,
552,24393,10585,果园村委,教学楼,8,,
553,24805,10585,果园村委,椅子,11,套,
554,24804,10585,果园村委,桌子,11,套,
555,24439,10590,关地村委,村委房屋,7,间,关底村
556,28835,10590,关地村委,村委房屋,7,间,关底村
557,28836,10590,关地村委,村委房屋,7,间,关底村
558,24441,10590,关地村委,办公楼,8,栋,关底村
559,24442,10590,关地村委,学校房屋,8,间,关底村
560,28841,10590,关地村委,办公家具,11,套,关底村委
561,28842,10590,关地村委,水利设施,13,米,关底村
562,28843,10590,关地村委,防汛预警机,17,套,关底村
563,28840,10590,关地村委,村组道路,18,条,关底村
564,28839,10590,关地村委,村组道路,18,条,关底村
565,28838,10590,关地村委,村级道路,18,条,关底村
566,28837,10590,关地村委,村级道路,18,条,关底村
567,25257,10607,南洼村委,村委房屋,7,平米,南洼村
568,25258,10607,南洼村委,村委房屋,7,间,南洼村 
569,25279,10607,南洼村委,办公桌椅,11,套,南洼村委
570,25280,10607,南洼村委,办公桌椅,11,套,南洼村委
571,25277,10607,南洼村委,桌、椅,11,套,南洼村委
572,25260,10607,南洼村委,吃水主管道,13,米,南洼村
573,25259,10607,南洼村委,水楼,13,座,南洼村
574,28986,10607,南洼村委,电脑、电视,16,套,南洼村
575,25266,10607,南洼村委,防汛预警设备,17,套,南洼村委
576,25262,10607,南洼村委,远程教育设备,17,套,南洼村委
577,28834,10607,南洼村委,村级道路,18,条,南洼村
578,15299,10611,段村村委,村委房屋,7,元,村委会
579,37911,10611,段村村委,空调,10,台,
580,34266,10611,段村村委,电视,10,台,
581,34265,10611,段村村委,联想电脑,10,台,
582,36275,10611,段村村委,打印机,10,套,
583,22964,10611,段村村委,篮球架,10,套,段村村
584,22958,10611,段村村委,电视机,10,套,段村村
585,35705,10611,段村村委,打印机,10,,段村村委
586,36274,10611,段村村委,电脑,10,套,
587,22950,10611,段村村委,办公桌,11,套,村委会
588,22969,10611,段村村委,小柜,11,套,段村村
589,22963,10611,段村村委,乒乓球台,11,套,段村村
590,22959,10611,段村村委,电视柜,11,套,段村村
591,22966,10611,段村村委,书柜,11,套,段村村
592,22955,10611,段村村委,会议桌,11,套,段村村 
593,22957,10611,段村村委,椅子,11,套,段村村
594,22971,10611,段村村委,图书案,11,套,段村村
595,23310,10618,上涧村委,村委办公楼,7,间,上涧村
596,23320,10618,上涧村委,学校房屋,8,间,上涧村
597,37200,10618,上涧村委,空调,10,台,
598,34170,10618,上涧村委,联想计算机,10,台,
599,23315,10618,上涧村委,电视机,10,台,上涧村
600,36687,10618,上涧村委,乒乓球台,10,套,
601,34171,10618,上涧村委,TCL电视,10,台,
602,23316,10618,上涧村委,电脑,10,台,上涧村
603,37201,10618,上涧村委,文件柜,10,个,
604,36686,10618,上涧村委,电脑,10,套,
605,23311,10618,上涧村委,办公桌,11,套,上涧村
606,23317,10618,上涧村委,档案柜,11,套,上涧村
607,23318,10618,上涧村委,木床,11,套,上涧村
608,23312,10618,上涧村委,椅子,11,套,上涧村
609,23314,10618,上涧村委,桌子,11,套,上涧村
610,23319,10618,上涧村委,会议桌,11,套,上涧村
611,23323,10618,上涧村委,学校办公桌,11,套,上涧村
612,23313,10618,上涧村委,方凳,11,套,上涧村
613,23321,10618,上涧村委,学校课桌,14,套,上涧村
614,23326,10618,上涧村委,学校会议桌,14,张,上涧村
615,23322,10618,上涧村委,学校方凳,14,套,上涧村
616,23327,10618,上涧村委,学校档案柜,14,套,上涧村
617,23325,10618,上涧村委,学校椅子,14,套,上涧村
618,23324,10618,上涧村委,学校木床,14,套,上涧村
619,23328,10618,上涧村委,杨树,18,个,上涧村
620,16136,10623,中关村委,村委房屋,7,座,中关村
621,23238,10623,中关村委,学校房屋,8,座,中关村
622,35752,10623,中关村委,长虹空调,10,台,
623,23247,10623,中关村委,电脑,10,套,中关村
624,35753,10623,中关村委,电脑,10,,
625,23243,10623,中关村委,电视,10,套,中关村
626,34225,10623,中关村委,电脑,10,台,
627,23240,10623,中关村委,桌,11,套,中关村
628,23245,10623,中关村委,床,11,套,中关村
629,23241,10623,中关村委,凳子,11,套,中关村
630,33385,10623,中关村委,办公桌,11,套,中关村委
631,23242,10623,中关村委,柜子,11,套,中关村
632,33386,10623,中关村委,椅子,11,套,中关村委
633,38210,10623,中关村委,床,11,张,中关村委
634,23246,10623,中关村委,课桌凳,12,套,中关村
635,23248,10623,中关村委,乒乓球案,12,套,中关村
636,23244,10623,中关村委,防汛器材,16,个,中关村
637,23766,10627,山底村委,村委房屋,7,间,山底村
638,23768,10627,山底村委,村委房屋,7,间,山底村委
639,23779,10627,山底村委,其他房屋,9,间,山底村
640,23770,10627,山底村委,桌,11,张,山底村委
641,23775,10627,山底村委,乒乓球台、篮球蓝,12,套,山底村委
642,24571,10627,山底村委,一组水池,13,座,山底村
643,24581,10627,山底村委,二组水池,13,座,山底二组
644,24583,10627,山底村委,三组水池,13,座,山底三组
645,24597,10627,山底村委,四、五组水池,13,座,山底村
646,24600,10627,山底村委,六七八组水池,13,座,山底村下村
647,23782,10627,山底村委,喇叭、扩音机,16,套,山底村委
648,29063,10627,山底村委,远程教育设备,17,套,山底村委
649,24595,10627,山底村委,六、七、八组道路,18,公里,山底村
650,24577,10627,山底村委,一组道路,18,公里,山底一组
651,23788,10627,山底村委,道路,18,公里,山底村
652,24591,10627,山底村委,四、五组道路,18,公里,山底村
653,24586,10627,山底村委,三组道路,18,公里,山底三组
654,24579,10627,山底村委,二组道路,18,公里,山底二组
655,16352,10628,东庄沟村委,村委房屋,7,间,村委会
656,23288,10628,东庄沟村委,东庄沟村学校,8,间,东庄沟村
657,23291,10628,东庄沟村委,电视机,10,台,东庄沟村
658,34172,10628,东庄沟村委,联想台式机M4900,10,台,
659,35751,10628,东庄沟村委,打印机,10,,
660,36063,10628,东庄沟村委,电脑,10,套,村委
661,34173,10628,东庄沟村委,HP1005打印机,10,台,
662,23292,10628,东庄沟村委,床,11,套,东庄沟村
663,23290,10628,东庄沟村委,凳子,11,套,东庄沟村
664,23294,10628,东庄沟村委,档案柜,11,套,东庄沟村
665,23289,10628,东庄沟村委,桌子,11,套,东庄沟村
666,23293,10628,东庄沟村委,活动器材,12,套,东庄沟村
667,23287,10628,东庄沟村委,东庄沟村水泥路,18,条,东庄沟村
668,23295,10628,东庄沟村委,红旗面,18,个,东庄沟村
669,22977,10637,柏隆村委,村委房屋,7,间,柏隆村
670,34226,10637,柏隆村委,电脑,10,台,
671,36065,10637,柏隆村委,笔记本电脑,10,,村委
672,22983,10637,柏隆村委,电脑,10,套,柏隆村
673,36064,10637,柏隆村委,彩电,10,,村委
674,34227,10637,柏隆村委,电视,10,台,
675,22981,10637,柏隆村委,电视机,10,套,柏隆村
676,22978,10637,柏隆村委,桌子,11,套,柏隆村
677,22979,10637,柏隆村委,柜子,11,套,柏隆村
678,22980,10637,柏隆村委,体育器材,12,套,柏隆村
679,22985,10637,柏隆村委,水泵,13,套,柏隆村
680,22988,10637,柏隆村委,深井,13,眼,柏隆村
681,22993,10637,柏隆村委,公路,18,公里,柏隆村
682,22989,10637,柏隆村委,图书,18,套,柏隆村
683,22895,10640,东洪阳村委,村委办公楼,7,幢,
684,22901,10640,东洪阳村委,教师住宿楼,8,幢,
685,22893,10640,东洪阳村委,村教学楼,8,幢,
686,22899,10640,东洪阳村委,电视,10,台,
687,22897,10640,东洪阳村委,办公桌椅,11,个,
688,22908,10640,东洪阳村委,乡村公路,13,公里,
689,22902,10640,东洪阳村委,图书,18,册,
690,24613,10642,金灯河村委,村委房屋,7,间,金灯河村
691,24612,10642,金灯河村委,村委房屋,7,间,金灯河村
692,28844,10642,金灯河村委,柜子,11,个,金灯河村委
693,23579,10642,金灯河村委,桌子,11,张,金灯河村委
694,23583,10642,金灯河村委,椅子,11,把,金灯河村委
695,23588,10642,金灯河村委,电视机,14,台,金灯河村委
696,23591,10642,金灯河村委,电脑,14,部,金灯河村委
697,23606,10642,金灯河村委,防汛喇叭,17,套,金灯河村
698,23598,10642,金灯河村委,远程教育设备电视,17,台,金灯河村委
699,23618,10642,金灯河村委,村道路,18,条,金灯河村
700,23616,10642,金灯河村委,村道路,18,条,金灯河村
701,21166,10643,上洪阳村委,村教学楼,8,幢,
702,22960,10643,上洪阳村委,电教设施,10,套,
703,22961,10643,上洪阳村委,办公桌椅,11,套,
704,22968,10643,上洪阳村委,书柜,11,套,
705,22970,10643,上洪阳村委,乡村公路,13,公里,
706,22965,10643,上洪阳村委,图书,18,册,
707,23453,10645,坡头村村委,村委房屋,7,间,村委
708,23457,10645,坡头村村委,村学校,8,间,坡头村
709,23482,10645,坡头村村委,资料箱,11,个,村委会
710,23474,10645,坡头村村委,培训教室坐凳,11,套,村委会培训室
711,23479,10645,坡头村村委,沙发,11,套,村委会
712,23459,10645,坡头村村委,村室桌子,11,张,村委会
713,23477,10645,坡头村村委,床,11,张,村委会
714,23468,10645,坡头村村委,舞台,12,座,村委会
715,23464,10645,坡头村村委,戏曲音箱设备,12,套,村委会
716,23466,10645,坡头村村委,戏曲舞台灯具文武场面,12,套,村委会
717,23462,10645,坡头村村委,篮球场,12,个,村委
718,23469,10645,坡头村村委,健身器材,12,套,村委会
719,23486,10645,坡头村村委,书,12,册,村室
720,23509,10645,坡头村村委,村容村貌,12,套,坡头村
721,23500,10645,坡头村村委,社火,12,套,村室
722,23472,10645,坡头村村委,电视机,12,台,村委会
723,23489,10645,坡头村村委,古装西衣,12,套,村室
724,24460,10648,中朝村委,村委房屋,7,间,中朝村
725,24461,10648,中朝村委,学校房屋,8,平米,中朝村
726,35754,10648,中朝村委,打印机,10,台,
727,24465,10648,中朝村委,床,11,套,中朝村
728,24462,10648,中朝村委,办公设施,11,套,中朝村
729,24463,10648,中朝村委,办公家具,11,套,中朝村
730,24464,10648,中朝村委,柜子,11,套,中朝村
731,24466,10648,中朝村委,文化设备,12,套,中朝村
732,24443,10654,四龙庙村委,房屋,7,间,四龙庙村
733,24452,10654,四龙庙村委,电话,10,套,四龙庙村
734,35687,10654,四龙庙村委,创维电视,10,台,四龙庙村委
735,24453,10654,四龙庙村委,远程教育器材,10,套,四龙庙村
736,36685,10654,四龙庙村委,电脑,10,,
737,34245,10654,四龙庙村委,电视,10,台,
738,34246,10654,四龙庙村委,电脑,10,台,
739,24454,10654,四龙庙村委,书架,11,套,四龙庙村
740,24446,10654,四龙庙村委,会议室大案,11,套,四龙庙村
741,24447,10654,四龙庙村委,床,11,套,四龙庙村
742,37272,10654,四龙庙村委,1.6米办公桌,11,套,四龙庙村
743,37273,10654,四龙庙村委,办公椅,11,个,四龙庙村
744,37274,10654,四龙庙村委,1.8米班台,11,张,四龙庙村
745,37275,10654,四龙庙村委,班台椅,11,个,四龙庙村
746,37277,10654,四龙庙村委,档案柜,11,个,四龙庙村
747,37278,10654,四龙庙村委,书柜,11,门,四龙庙村
748,37279,10654,四龙庙村委,活动室桌,11,套,四龙庙村
749,37280,10654,四龙庙村委,皮质办公沙发,11,套,四龙庙村
750,37281,10654,四龙庙村委,皮质办公沙发,11,套,四龙庙村
751,37283,10654,四龙庙村委,办公茶几,11,个,四龙庙村
752,37284,10654,四龙庙村委,饮水机,11,个,四龙庙村
753,37287,10654,四龙庙村委,防盗门,11,套,四龙庙村
754,37290,10654,四龙庙村委,会议椅,11,个,四龙庙村
755,37291,10654,四龙庙村委,书柜,11,,四龙庙村
756,37286,10654,四龙庙村委,防盗门锁,11,把,四龙庙村
757,24457,10654,四龙庙村委,椅子,11,套,四龙庙村
758,24451,10654,四龙庙村委,档案柜,11,套,四龙庙村
759,24450,10654,四龙庙村委,方凳,11,套,四龙庙村
760,24449,10654,四龙庙村委,单桌,11,套,四龙庙村
761,24448,10654,四龙庙村委,小方桌,11,套,四龙庙村
762,24444,10654,四龙庙村委,办公桌,11,套,四龙庙村
763,37288,10654,四龙庙村委,会议桌,11,套,四龙庙村
764,24445,10654,四龙庙村委,大案桌,11,套,四龙庙村
765,24458,10654,四龙庙村委,停车场,12,套,四龙庙村
766,24455,10654,四龙庙村委,健身器材,12,套,四龙庙村
767,24456,10654,四龙庙村委,乒乓球案,12,套,四龙庙村
768,24459,10654,四龙庙村委,乡村道路,18,米,四龙庙村
769,28823,10655,林场村委,办公家具,3,套,林场村
770,23476,10655,林场村委,村委房屋,7,间,林场村
771,24602,10655,林场村委,办公家具,11,套,林场村
772,23485,10655,林场村委,远程教育,17,个,林场村委
773,23491,10655,林场村委,村级道路,18,条,林场村
774,23496,10655,林场村委,组级道路,18,条,林场村
775,22914,10657,崤店村委,村委办公楼,7,间,
776,22329,10657,崤店村委,小学教学楼,8,栋,
777,22916,10657,崤店村委,村卫生室,9,平米,
778,38000,10657,崤店村委,相机,10,台,
779,22922,10657,崤店村委,空调 电脑,10,台,
780,22925,10657,崤店村委,办公桌椅,11,套,
781,22918,10657,崤店村委,村吃水站,13,套,
782,22930,10657,崤店村委,乡村公路,13,公里,
783,23260,10659,赵沟村委,乒乓球案,1,套,赵沟村
784,16003,10659,赵沟村委,村委房屋,7,元,村委会
785,23249,10659,赵沟村委,学校房屋,8,座,赵沟村
786,23250,10659,赵沟村委,电视机,10,套,赵沟村
787,34175,10659,赵沟村委,电视,10,台,
788,34174,10659,赵沟村委,电脑,10,台,
789,23253,10659,赵沟村委,连椅,11,套,赵沟村
790,23259,10659,赵沟村委,书案,11,套,赵沟村
791,23258,10659,赵沟村委,书柜,11,套,赵沟村
792,23257,10659,赵沟村委,木柜,11,套,赵沟村
793,23256,10659,赵沟村委,铁皮柜,11,套,赵沟村
794,23251,10659,赵沟村委,办公桌,11,套,赵沟村
795,23252,10659,赵沟村委,椅子,11,套,赵沟村
796,23255,10659,赵沟村委,课桌,11,套,赵沟村
797,23254,10659,赵沟村委,方凳,11,套,赵沟村
798,23265,10659,赵沟村委,图书,12,套,赵沟村
799,23264,10659,赵沟村委,健身器材,12,套,赵沟村
800,23262,10659,赵沟村委,林场吃水工程,13,个,赵沟村
801,23261,10659,赵沟村委,水泥路,18,公里,赵沟村
802,23055,10660,堡后村委,村委办公室,7,间,
803,23052,10660,堡后村委,教学楼,8,幢,
804,37961,10660,堡后村委,电脑,10,台,
805,37963,10660,堡后村委,惠普打印机,10,台,
806,23060,10660,堡后村委,办公椅子,10,套,
807,23057,10660,堡后村委,办公桌子,10,套,
808,23062,10660,堡后村委,书柜,10,套,
809,23064,10660,堡后村委,电脑,10,套,
810,37962,10660,堡后村委,TCL43寸电视,11,台,
811,23063,10660,堡后村委,图书,12,册,
812,37960,10660,堡后村委,乡村公路,543,米,
813,24809,10661,康洼村委,新建村室,7,平米,
814,24806,10661,康洼村委,学校,8,1,
815,24810,10661,康洼村委,远程教育,10,套,
816,24808,10661,康洼村委,凳子,11,套,
817,24807,10661,康洼村委,桌子,11,套,
818,23159,10663,义昌村委,村办公楼,7,幢,
819,23157,10663,义昌村委,村教学楼,8,幢,
820,23161,10663,义昌村委,村戏楼,9,幢,
821,23172,10663,义昌村委,扩音器材,10,套,
822,37992,10663,义昌村委,格力空调T爽50,11,台,
823,37993,10663,义昌村委,格力空调俊越35,11,台,
824,23165,10663,义昌村委,办公桌椅,11,套,
825,23174,10663,义昌村委,健身器材,12,套,
826,23180,10663,义昌村委,乡村公路,13,公里,
827,23179,10663,义昌村委,监控器,17,套,
828,23176,10663,义昌村委,图书,18,个,
829,23268,10664,宋村村委,房屋,7,座,宋村村
830,34176,10664,宋村村委,42寸电视,10,台,
831,23274,10664,宋村村委,电脑,10,套,宋村村
832,35750,10664,宋村村委,打印机,10,,
833,36066,10664,宋村村委,创维电视,10,,村委
834,36067,10664,宋村村委,联想一体机,10,,村委
835,23272,10664,宋村村委,柜子,11,套,宋村村
836,23270,10664,宋村村委,桌子,11,套,宋村村
837,38041,10664,宋村村委,文件柜,11,套,宋村村
838,38040,10664,宋村村委,椅子,11,套,宋村村
839,38038,10664,宋村村委,沙发,11,套,宋村村
840,38042,10664,宋村村委,木椅子,11,套,宋村村
841,38039,10664,宋村村委,办公桌,11,套,宋村村
842,23283,10664,宋村村委,图书,12,套,宋村村
843,23279,10664,宋村村委,吃水井,13,眼,宋村村
844,23276,10664,宋村村委,水泵,13,套,宋村村
845,23281,10664,宋村村委,公路,18,公里,宋村村
846,25469,10668,崇村村委,教学楼,7,平米,
847,25466,10668,崇村村委,办公楼,7,平米,
848,25489,10668,崇村村委,电视机,10,台,
849,25470,10668,崇村村委,办公桌,11,张,
850,25491,10668,崇村村委,档案柜,11,个,
851,25467,10668,崇村村委,沙发,11,个,
852,25488,10668,崇村村委,凳子,11,张,
853,25472,10668,崇村村委,课桌,11,张,
854,25490,10668,崇村村委,球篮,12,个,
855,27576,10668,崇村村委,老学校,14,平米,
856,27575,10668,崇村村委,村学校,14,一资料库,
857,27573,10668,崇村村委,村道路,18,平米,
858,23166,10669,刘村村委,村委办公室,7,幢,
859,23163,10669,刘村村委,教学楼,8,幢,
860,23170,10669,刘村村委,凳子,11,个,
861,23168,10669,刘村村委,桌子,11,张,
862,23169,10669,刘村村委,老板桌,11,张,
863,37970,10669,刘村村委,书柜,11,套,
864,37968,10669,刘村村委,沙发,11,套,
865,37967,10669,刘村村委,椅子,11,套,
866,37966,10669,刘村村委,桌子,11,套,
867,23175,10669,刘村村委,体育设施,12,套,
868,23177,10669,刘村村委,乡村公路,13,公里,
869,23173,10669,刘村村委,广播器材,17,套,
870,23206,10670,南岭村委,村委办公楼,7,间,南岭村
871,23211,10670,南岭村委,彩电,10,套,南岭村
872,23212,10670,南岭村委,档案柜,10,套,南岭村
873,34177,10670,南岭村委,海信电视,10,台,
874,35686,10670,南岭村委,打印机,10,台,南岭村委
875,36069,10670,南岭村委,电视,10,,
876,37740,10670,南岭村委,打印机,10,台,南岭村
877,23215,10670,南岭村委,报刊架,10,套,南岭村
878,23207,10670,南岭村委,办公桌,11,套,南岭村
879,23209,10670,南岭村委,凳子,11,套,南岭村
880,23210,10670,南岭村委,椅子,11,套,南岭村
881,23213,10670,南岭村委,阅读桌,11,套,南岭村
882,23214,10670,南岭村委,阅读椅,11,套,南岭村
883,23217,10670,南岭村委,图书,12,套,南岭村
884,23208,10670,南岭村委,课桌,12,套,南岭村
885,22869,10672,雷沟村委,村委办公室,7,间,
886,22867,10672,雷沟村委,教学楼,8,幢,
887,37974,10672,雷沟村委,海尔电脑,10,套,
888,22872,10672,雷沟村委,办公椅子,11,把,
889,37976,10672,雷沟村委,美的空调,11,套,
890,37973,10672,雷沟村委,办公家具,11,批,
891,22874,10672,雷沟村委,办公书柜,11,个,
892,22870,10672,雷沟村委,办公桌子,11,张,
893,22880,10672,雷沟村委,健身器材,12,套,
894,37977,10672,雷沟村委,健身器材,12,批,
895,22883,10672,雷沟村委,乡村公路,13,公里,
896,22878,10672,雷沟村委,图书,18,个,
897,22852,10674,北沟村委,村委办公楼,7,幢,
898,22855,10674,北沟村委,办公设备,10,套,
899,37971,10674,北沟村委,海尔彩电,11,台,
900,37969,10674,北沟村委,办公家具,11,套,
901,37972,10674,北沟村委,海尔空调,11,台,
902,22860,10674,北沟村委,北沟村深水井,13,眼,
903,22864,10674,北沟村委,乡村公路,13,公里,
904,22858,10674,北沟村委,北沟吃水井,13,眼,
905,22853,10674,北沟村委,电教设施,14,套,
906,22862,10674,北沟村委,图书,18,册,
907,36273,10676,林场村委,电脑,10,台,
908,34247,10676,林场村委,TCL电视,10,台,
909,34248,10676,林场村委,联想电脑,10,台,
910,23140,10677,德厚村委,村委办公楼,7,幢,
911,23115,10677,德厚村委,村教学楼,8,幢,
912,23144,10677,德厚村委,电视,10,套,
913,23136,10677,德厚村委,办公桌椅,11,套,
914,23147,10677,德厚村委,健身器材,12,套,
915,23150,10677,德厚村委,村戏楼,12,个,
916,23153,10677,德厚村委,乡村公路,13,套,
917,23132,10678,上庄村委,教学楼,8,幢,
918,23148,10678,上庄村委,办公桌椅,10,套,
919,23154,10678,上庄村委,柜子,10,套,
920,23141,10678,上庄村委,凳子,11,个,
921,23151,10678,上庄村委,沙发,11,套,
922,23137,10678,上庄村委,课桌,11,张,
923,23143,10678,上庄村委,椅子,11,张,
924,23160,10678,上庄村委,乡村公路,13,公里,
925,23155,10678,上庄村委,彩电,16,个,
926,23158,10678,上庄村委,扩音系统,17,套,
927,23114,10680,石盆村委,教学楼,8,幢,
928,37994,10680,石盆村委,打印机,10,台,
929,23117,10680,石盆村委,电脑,10,套,
930,37981,10680,石盆村委,复印机,10,套,
931,37983,10680,石盆村委,美的空调,11,台,
932,37982,10680,石盆村委,桌子,11,张,
933,37995,10680,石盆村委,档案柜,11,个,
934,37996,10680,石盆村委,格力空调,11,台,
935,23124,10680,石盆村委,办公桌椅,11,套,
936,37980,10680,石盆村委,43寸智能电视,11,台,
937,23126,10680,石盆村委,图书,12,套,
938,23128,10680,石盆村委,乡村公路,13,公里,
939,23116,10680,石盆村委,电视,16,个,
940,23119,10680,石盆村委,扩音器,17,套,
941,23121,10680,石盆村委,喇叭,17,套,
942,23065,10683,柳庄村委,教学楼,8,幢,
943,37997,10683,柳庄村委,电脑,10,台,
944,23079,10683,柳庄村委,书柜,10,套,
945,38183,10683,柳庄村委,电脑,10,套,柳庄
946,23069,10683,柳庄村委,电视、电脑,10,套,
947,37987,10683,柳庄村委,京瓷打印机,10,套,
948,37998,10683,柳庄村委,电脑,10,台,
949,37999,10683,柳庄村委,电脑桌椅,11,套,
950,23070,10683,柳庄村委,办公桌椅,11,套,
951,23072,10683,柳庄村委,健身器材,12,套,
952,23074,10683,柳庄村委,图书,12,册,
953,23081,10683,柳庄村委,乡村公路,13,公里,
954,23089,10685,吴庄村委,村委办公室,7,幢,
955,23083,10685,吴庄村委,教学楼,8,幢,
956,23110,10685,吴庄村委,面粉厂,9,平米,
957,23109,10685,吴庄村委,旧村委办公室,9,幢,
958,23088,10685,吴庄村委,书柜,10,套,
959,23086,10685,吴庄村委,椅子,11,套,
960,23085,10685,吴庄村委,桌子,11,套,
961,23107,10685,吴庄村委,图书,12,套,
962,23113,10685,吴庄村委,乡村公路,13,公里,
963,23095,10685,吴庄村委,音箱,17,套,
964,23104,10685,吴庄村委,喇叭,17,个,
965,23093,10685,吴庄村委,投影仪,17,台,
966,23100,10685,吴庄村委,扩音器,17,套,
967,38186,10685,吴庄村委,水泵及钢管,18,个,
968,24689,10687,张沟村委,村委办公大楼,7,栋,
969,24688,10687,张沟村委,教学楼及房屋,8,套,
970,24691,10687,张沟村委,张氏宗祠,9,座,
971,27580,10687,张沟村委,空调,10,台,
972,24696,10687,张沟村委,电视机,10,台,
973,24698,10687,张沟村委,电暖器,10,台,
974,27581,10687,张沟村委,电脑,10,台,
975,24707,10687,张沟村委,方凳,11,个,
976,24711,10687,张沟村委,图书柜,11,个,
977,24703,10687,张沟村委,大会议桌,11,张,
978,24706,10687,张沟村委,椅子,11,把,
979,24704,10687,张沟村委,小会议桌,11,张,
980,24712,10687,张沟村委,阅读桌,11,张,
981,24710,10687,张沟村委,连椅,11,把,
982,24705,10687,张沟村委,茶几,11,个,
983,24702,10687,张沟村委,老板桌,11,张,
984,24701,10687,张沟村委,老板椅,11,把,
985,24700,10687,张沟村委,木椅子,11,把,
986,24709,10687,张沟村委,写字台,11,张,
987,27582,10687,张沟村委,皮沙发,11,套,
988,24687,10687,张沟村委,村娱乐城,12,座,
989,24713,10687,张沟村委,兰球篮,12,付,
990,24690,10687,张沟村委,戏楼,12,座,
991,24694,10687,张沟村委,供水设施,13,套,
992,24695,10687,张沟村委,20型装载机,15,台,
993,24693,10687,张沟村委,公厕,18,个,
994,24692,10687,张沟村委,垃圾池,18,个,
995,27578,10687,张沟村委,水泥路面,18,平米,
996,21898,10697,东关五（2）组,井房,13,间,
997,23071,10706,赵窑村委,村教学楼,8,幢,
998,37954,10706,赵窑村委,老板椅,10,套,
999,23078,10706,赵窑村委,扩音器,10,套,
1000,37957,10706,赵窑村委,格力空调KFR-72W,11,套,
1001,37955,10706,赵窑村委,方凳,11,套,
1002,37953,10706,赵窑村委,办公桌,11,套,
1003,23075,10706,赵窑村委,办公桌椅,11,套,
1004,37959,10706,赵窑村委,沙发,11,套,
1005,38185,10706,赵窑村委,办公家俱,11,套,赵窑
1006,37952,10706,赵窑村委,乡材公路,13,套,
1007,18670,10714,西关村委,西关村综合楼,7,平米,渑池县会盟大道西段南侧(西关宾馆)
1008,18686,10714,西关村委,西关学校,8,间,
1009,18689,10714,西关村委,立式空调,10,台,
1010,18700,10714,西关村委,电脑,10,台,
1011,18699,10714,西关村委,电视,10,台,
1012,18696,10714,西关村委,老板桌,11,张,
1013,18691,10714,西关村委,铁皮文件柜,11,个,
1014,18702,10714,西关村委,条桌椅子,11,套,
1015,18682,10714,西关村委,西关村文化大院,12,间,
1016,18677,10714,西关村委,机井、水塔,18,个,
1017,18684,10714,西关村委,原果品市场,18,亩,
1018,21487,10745,南街村委,车库,7,间,
1019,21488,10745,南街村委,煤球房,7,间,
1020,21486,10745,南街村委,门面房,7,间,
1021,21485,10745,南街村委,村委办公室,7,间,
1022,21515,10745,南街村委,医疗站,9,间,
1023,21507,10745,南街村委,复印机,10,台,
1024,21489,10745,南街村委,电视机,10,台,
1025,21503,10745,南街村委,空调,10,台,
1026,21490,10745,南街村委,电脑,10,台,
1027,21492,10745,南街村委,会议桌,11,张,
1028,21495,10745,南街村委,老板椅,11,把,
1029,21496,10745,南街村委,图书柜,11,个,
1030,21500,10745,南街村委,木靠椅,11,把,
1031,21497,10745,南街村委,阅览桌,11,张,
1032,21499,10745,南街村委,三斗桌,11,张,
1033,21493,10745,南街村委,皮靠椅,11,把,
1034,21510,10745,南街村委,老板桌,11,张,
1035,21498,10745,南街村委,文件柜,11,个,
1036,21512,10745,南街村委,电脑桌,11,张,
1037,21506,10745,南街村委,图书,18,册,
1038,21504,10745,南街村委,社鼓,18,个,
1039,21502,10745,南街村委,饮水机,18,台,
1040,21285,10757,北街村委,金雁宾馆,7,间,
1041,21287,10757,北街村委,村室,7,间,
1042,21277,10757,北街村委,教室、办公楼,8,间,
1043,21265,10757,北街村委,电视,10,台,
1044,21262,10757,北街村委,电脑,10,台,
1045,21268,10757,北街村委,桌子,11,张,
1046,21273,10757,北街村委,档案柜,11,个,
1047,21270,10757,北街村委,凳子,11,把,
1048,21274,10757,北街村委,图书室柜,11,个,
1049,22590,10766,一里河村委,村委房屋,7,间,
1050,22595,10766,一里河村委,银河大酒店,7,间,
1051,22622,10766,一里河村委,一里河学校,8,间,
1052,22603,10766,一里河村委,电脑,10,台,
1053,22610,10766,一里河村委,档案柜,11,个,
1054,22606,10766,一里河村委,沙发,11,套,
1055,22600,10766,一里河村委,办公桌,11,张,
1056,22607,10766,一里河村委,文件柜,11,个,
1057,22611,10766,一里河村委,椅子,11,把,
1058,22615,10766,一里河村委,饮水机,18,台,
1059,22617,10766,一里河村委,计生检查床,18,个,
1060,21881,10771,孟岭村委,村委楼,7,套,
1061,21883,10771,孟岭村委,学校楼,8,间,
1062,21871,10771,孟岭村委,立式空调,10,台,
1063,21875,10771,孟岭村委,电视,10,台,
1064,21872,10771,孟岭村委,电脑,10,台,
1065,21866,10771,孟岭村委,书柜,11,套,
1066,21864,10771,孟岭村委,方凳,11,个,
1067,21876,10771,孟岭村委,床,11,张,
1068,21861,10771,孟岭村委,桌子,11,张,
1069,21857,10771,孟岭村委,办公桌椅,11,套,
1070,21862,10771,孟岭村委,椅子,11,张,
1071,21865,10771,孟岭村委,沙发,11,套,
1072,21860,10771,孟岭村委,会议桌,11,张,
1073,26588,10783,蟠桃村委,村委房屋,7,间,蟠桃村
1074,26589,10783,蟠桃村委,教学楼,8,间,蟠桃村小学
1075,26592,10783,蟠桃村委,书柜,10,个,蟠桃村
1076,26590,10783,蟠桃村委,桌子,11,套,蟠桃村
1077,26591,10783,蟠桃村委,电视机,12,台,蟠桃村
1078,38055,10783,蟠桃村委,电视机,12,,蟠桃村室
1079,38324,10783,蟠桃村委,花椒清选机,15,台,蟠桃村
1080,24811,10795,北平村委,教学楼,8,间,
1081,24813,10795,北平村委,电视机、投影,10,套,
1082,24812,10795,北平村委,办公家具,11,套,
1083,25535,10801,崔门村委,教学楼,7,间,
1084,25537,10801,崔门村委,办公椅,11,把,
1085,25538,10801,崔门村委,办公桌,11,张,
1086,25540,10801,崔门村委,电脑,11,台,
1087,25541,10801,崔门村委,健身器材,12,个,
1088,25544,10801,崔门村委,图书,18,册,
1089,27584,10801,崔门村委,水泥路,18,公里,
1090,24665,10805,天坛村委,文化大院房屋,7,间,
1091,24674,10805,天坛村委,新学校房,8,间,
1092,24673,10805,天坛村委,老学校房屋,8,间,
1093,24678,10805,天坛村委,旧取暖设备,10,套,
1094,24679,10805,天坛村委,餐具,10,套,
1095,24670,10805,天坛村委,电视,10,套,
1096,24669,10805,天坛村委,电脑及扩音设备,10,套,
1097,24675,10805,天坛村委,办公桌、会议桌,11,套,
1098,24668,10805,天坛村委,黄桌凳,11,套,
1099,24671,10805,天坛村委,沙发、茶几,11,套,
1100,24667,10805,天坛村委,文化大院桌子,11,个,
1101,24666,10805,天坛村委,转椅,11,个,
1102,24672,10805,天坛村委,健身器材,12,件,
1103,24680,10805,天坛村委,体育器材,12,套,
1104,24676,10805,天坛村委,教师床,14,套,
1105,24677,10805,天坛村委,教室课桌凳,14,套,
1106,27585,10805,天坛村委,水泥路面,18,公里,
1107,21552,10806,塔泥村委,村委办公室,7,间,
1108,21562,10806,塔泥村委,学校教学楼,8,间,
1109,21564,10806,塔泥村委,学校教师办公楼,8,间,
1110,21579,10806,塔泥村委,电视,10,台,
1111,21582,10806,塔泥村委,电脑,10,台,
1112,21592,10806,塔泥村委,计生学校桌凳,11,套,
1113,21569,10806,塔泥村委,会议桌凳,11,套,
1114,21589,10806,塔泥村委,办公桌凳,11,套,
1115,21572,10806,塔泥村委,图书柜,11,个,
1116,21575,10806,塔泥村委,图书阅览桌凳,11,套,
1117,21577,10806,塔泥村委,电视柜,11,个,
1118,21571,10806,塔泥村委,文件柜,11,个,
1119,21587,10806,塔泥村委,篮球蓝,18,套,
1120,21626,10807,苏湾村委,村委房屋,7,间,
1121,21650,10807,苏湾村委,电视机,10,台,
1122,21641,10807,苏湾村委,凳子,11,个,
1123,21644,10807,苏湾村委,书柜,11,个,
1124,21667,10807,苏湾村委,沙发床,11,个,
1125,21636,10807,苏湾村委,桌子,11,张,
1126,21670,10807,苏湾村委,报刊架,18,个,
1127,21649,10807,苏湾村委,图书,18,册,
1128,24814,10808,南平村委,学校楼,8,,
1129,24815,10808,南平村委,戏楼,9,平米,
1130,24817,10808,南平村委,文化大院,9,,
1131,24816,10808,南平村委,烟站,9,平米,
1132,24819,10812,赵庄村委,村委楼,7,栋,
1133,24818,10812,赵庄村委,教学楼,8,,
1134,24821,10812,赵庄村委,彩色电视,10,套,
1135,24820,10812,赵庄村委,电视柜,11,套,
1136,24752,10822,南庄村委,村室,7,平米,
1137,24749,10822,南庄村委,学校房屋,8,,
1138,24753,10822,南庄村委,其他房屋,9,,
1139,24750,10822,南庄村委,烟站,9,平米,
1140,24784,10822,南庄村委,电视,10,套,
1141,24782,10822,南庄村委,办公用品,10,套,
1142,24783,10822,南庄村委,科教桌、,11,套,
1143,24875,10829,峪峒村委,村室,7,,
1144,24870,10829,峪峒村委,村教学楼,8,,
1145,24872,10829,峪峒村委,办公用品,10,,
1146,21606,10832,峪沟村委,村委房屋,7,间,
1147,21790,10832,峪沟村委,幼儿园教学楼,8,间,
1148,21604,10832,峪沟村委,办公用品沙发床柜子,10,套,
1149,21600,10832,峪沟村委,办公桌椅,10,套,
1150,21792,10832,峪沟村委,电脑,10,台,
1151,21605,10832,峪沟村委,教育桌椅,10,套,
1152,21782,10832,峪沟村委,乒乓球案,18,个,
1153,21784,10832,峪沟村委,麻将桌,18,个,
1154,21780,10832,峪沟村委,篮球栏,18,个,
1155,25202,10833,英东村村委,村室,7,间,
1156,25197,10833,英东村村委,学校房屋,8,间,
1157,25203,10833,英东村村委,机井房子,9,间,
1158,25200,10833,英东村村委,图书柜,11,个,
1159,25198,10833,英东村村委,办公桌椅,11,套,
1160,25199,10833,英东村村委,图书,12,册,
1161,25201,10833,英东村村委,乡村道路,18,公里,
1162,25204,10835,英西村村委,村委房屋,7,间,
1163,25205,10835,英西村村委,学校房屋,8,间,
1164,25207,10835,英西村村委,办公椅,11,把,
1165,25206,10835,英西村村委,办公桌,11,套,
1166,25208,10835,英西村村委,文件柜,11,个,
1167,25210,10835,英西村村委,乡村道路,18,公里,
1168,25211,10839,东马村村委,村办公室,7,间,
1169,25221,10839,东马村村委,三组学校,8,间,
1170,25218,10839,东马村村委,四五组学校,8,间,
1171,25219,10839,东马村村委,远程教育设备,10,套,
1172,25213,10839,东马村村委,档案柜,11,套,
1173,25216,10839,东马村村委,书案,11,个,
1174,25215,10839,东马村村委,图书柜,11,个,
1175,25214,10839,东马村村委,计生课桌,11,套,
1176,25212,10839,东马村村委,桌椅沙发,11,套,
1177,25217,10839,东马村村委,图书,12,册,
1178,25220,10839,东马村村委,水利设施,13,套,
1179,25222,10839,东马村村委,水管,13,根,
1180,25223,10839,东马村村委,乡村道路,18,公里,
1181,25225,10845,谷水村村委,村委办公楼,7,间,
1182,25224,10845,谷水村村委,教学楼,8,间,
1183,25226,10845,谷水村村委,远程教育设备,10,套,
1184,25228,10845,谷水村村委,计生课桌,11,套,
1185,25227,10845,谷水村村委,办公桌椅,11,套,
1186,25230,10847,西曲村村委,教学楼,8,间,
1187,25231,10847,西曲村村委,桌椅,11,套,
1188,25229,10847,西曲村村委,乡村道路,18,公里,
1189,25235,10850,槐树洼村村委,村委房屋,7,间,
1190,25234,10850,槐树洼村村委,学校房屋,8,间,
1191,25236,10850,槐树洼村村委,办公桌椅,11,套,
1192,25238,10850,槐树洼村村委,乡村道路,18,公里,
1193,25243,10852,苇园洼村村委,村委房屋,7,间,
1194,25244,10852,苇园洼村村委,电脑,10,台,
1195,25247,10852,苇园洼村村委,扩音机喇叭,10,套,
1196,25246,10852,苇园洼村村委,电视机,10,台,
1197,25251,10852,苇园洼村村委,书柜,11,个,
1198,25253,10852,苇园洼村村委,阅览桌椅,11,套,
1199,25254,10852,苇园洼村村委,计生桌椅,11,套,
1200,25249,10852,苇园洼村村委,沙发,11,套,
1201,25250,10852,苇园洼村村委,办公桌,11,套,
1202,25255,10852,苇园洼村村委,体育设施,12,套,
1203,25252,10852,苇园洼村村委,图书,12,套,
1204,25256,10852,苇园洼村村委,水利设施,13,套,
1205,25263,10854,姜王庄村村委,村委房屋,7,间,
1206,25261,10854,姜王庄村村委,教学楼,8,间,
1207,25264,10854,姜王庄村村委,瓷厂,9,间,
1208,25265,10854,姜王庄村村委,电工房,9,间,
1209,25275,10854,姜王庄村村委,电视机,10,套,
1210,25284,10854,姜王庄村村委,扩音机设备,10,套,
1211,25273,10854,姜王庄村村委,电脑,10,台,
1212,25268,10854,姜王庄村村委,检查床,11,张,
1213,25267,10854,姜王庄村村委,档案柜,11,个,
1214,25272,10854,姜王庄村村委,计生桌椅,11,套,
1215,25271,10854,姜王庄村村委,办公桌椅,11,套,
1216,25283,10854,姜王庄村村委,路灯,17,副,
1217,25269,10854,姜王庄村村委,乡村道路,18,公里,
1218,25285,10861,后营村村委,村委房屋,7,间,
1219,25286,10861,后营村村委,教学楼,8,间,
1220,25289,10861,后营村村委,远程教育设备,10,套,
1221,25288,10861,后营村村委,计生桌椅,11,套,
1222,25287,10861,后营村村委,办公桌椅,11,套,
1223,25290,10861,后营村村委,健身器材,12,套,
1224,25291,10861,后营村村委,水利设施,13,套,
1225,25292,10861,后营村村委,乡村道路,18,公里,
1226,22001,10862,西河南村委,高压锅,6,个,
1227,22005,10862,西河南村委,图书,6,册,
1228,21997,10862,西河南村委,灭杀菌灯,6,个,
1229,21888,10862,西河南村委,村办公楼,7,间,
1230,21891,10862,西河南村委,平房,7,间,
1231,21895,10862,西河南村委,瓦房,7,间,
1232,22007,10862,西河南村委,冷藏柜,10,个,
1233,22009,10862,西河南村委,电视机,10,台,
1234,22006,10862,西河南村委,电脑,10,台,
1235,21961,10862,西河南村委,药具柜,11,个,
1236,21956,10862,西河南村委,办公桌椅、报刊架,11,套,
1237,21959,10862,西河南村委,小方桌、椅子,11,套,
1238,21985,10862,西河南村委,椅子,11,把,
1239,21989,10862,西河南村委,观察床,11,张,
1240,21932,10862,西河南村委,凳子,11,个,
1241,21954,10862,西河南村委,书柜,11,个,
1242,21941,10862,西河南村委,饮水机,11,台,
1243,21929,10862,西河南村委,椅子,11,把,
1244,21991,10862,西河南村委,床头柜,11,个,
1245,21940,10862,西河南村委,沙发茶几,11,套,
1246,21974,10862,西河南村委,铁皮药柜,11,个,
1247,21971,10862,西河南村委,中药柜,11,个,
1248,21969,10862,西河南村委,活动器材柜,11,个,
1249,21902,10862,西河南村委,桌子,11,张,
1250,21976,10862,西河南村委,诊断床,11,张,
1251,21936,10862,西河南村委,办公桌椅,11,套,
1252,21964,10862,西河南村委,康健床,11,张,
1253,21980,10862,西河南村委,桌子,11,张,
1254,21951,10862,西河南村委,乒乓球台、拍、羽毛球拍,18,套,
1255,22013,10865,十里铺村委,村室及大院,7,间,
1256,22034,10865,十里铺村委,猪场房,9,间,
1257,22036,10865,十里铺村委,猪舍,9,间,
1258,22043,10865,十里铺村委,电脑、电视,10,台,
1259,22045,10865,十里铺村委,投影,10,台,
1260,21230,10865,十里铺村委,公开栏,10,个,
1261,22042,10865,十里铺村委,方凳,11,个,
1262,22037,10865,十里铺村委,桌子,11,张,
1263,22039,10865,十里铺村委,椅子,11,把,
1264,22052,10865,十里铺村委,健身器材,12,付,
1265,22050,10865,十里铺村委,休闲广场,12,个,
1266,22030,10865,十里铺村委,机井,13,眼,
1267,22049,10865,十里铺村委,球篮,18,付,
1268,25293,10866,周家山村村委,村委房屋,7,间,
1269,25297,10866,周家山村村委,洞沟学校房屋,8,间,
1270,25300,10866,周家山村村委,清真寺房屋,9,间,
1271,25295,10866,周家山村村委,电视机,10,台,
1272,25294,10866,周家山村村委,办公桌椅,11,套,
1273,25299,10866,周家山村村委,书柜,11,个,
1274,25298,10866,周家山村村委,图书,12,册,
1275,25296,10866,周家山村村委,乡村道路,18,公里,
1276,25301,10870,王沟村村委,村委房屋,7,间,
1277,25304,10870,王沟村村委,电脑,10,台,
1278,25306,10870,王沟村村委,喇叭,10,套,
1279,25305,10870,王沟村村委,电视机,10,台,
1280,25302,10870,王沟村村委,办公桌椅,11,套,
1281,25308,10870,王沟村村委,书柜,11,个,
1282,25309,10870,王沟村村委,阅览桌椅,11,套,
1283,25303,10870,王沟村村委,计生桌椅,11,套,
1284,25307,10870,王沟村村委,图书,12,册,
1285,25311,10870,王沟村村委,水利工程,13,个,
1286,25310,10870,王沟村村委,乡村道路,18,公里,
1287,26594,10871,仁村村委,村戏院,7,所,仁村市场街路南
1288,26593,10871,仁村村委,村汽车站,7,间,仁村市场街北15米路西
1289,26596,10871,仁村村委,文化大院,7,间,仁村西坡
1290,26597,10871,仁村村委,面粉厂,7,所,仁村市场街往南100米路东
1291,26595,10871,仁村村委,教学楼,8,间,仁村邮电局对面路北
1292,38126,10871,仁村村委,2匹空调,10,台,仁村村委
1293,38125,10871,仁村村委,1.5匹空调,10,台,仁村村委
1294,38127,10871,仁村村委,3匹空调,10,台,仁村村委
1295,26598,10871,仁村村委,桌椅,11,个,仁村村委室内
1296,38075,10871,仁村村委,办公铁皮柜,11,,仁村村委
1297,38076,10871,仁村村委,办公沙发,11,,仁村村委
1298,38128,10871,仁村村委,办公台面,11,米,仁村村委
1299,38158,10871,仁村村委,窗帘,16,,仁村村
1300,38157,10871,仁村村委,建升旗台,541,,仁村村
1301,25313,10876,翟延村村委,村委房屋,7,间,
1302,25312,10876,翟延村村委,教学楼,8,间,
1303,25316,10876,翟延村村委,远程教育设备,10,套,
1304,25327,10876,翟延村村委,书柜,11,个,
1305,25314,10876,翟延村村委,计生桌椅,11,套,
1306,25328,10876,翟延村村委,阅览桌椅,11,套,
1307,25315,10876,翟延村村委,办公桌椅,11,套,
1308,25322,10876,翟延村村委,图书,12,册,
1309,25330,10876,翟延村村委,体育娱乐设施,12,套,
1310,25333,10876,翟延村村委,机井,13,眼,
1311,25332,10876,翟延村村委,乡村道路,18,公里,
1312,25338,10884,水源村村委,村委平房,7,间,
1313,25343,10884,水源村村委,电视机,10,台,
1314,25345,10884,水源村村委,电脑,10,台,
1315,25348,10884,水源村村委,书柜,11,个,
1316,25341,10884,水源村村委,桌椅,11,套,
1317,25347,10884,水源村村委,图书,12,册,
1318,25349,10884,水源村村委,乡村道路,18,公里,
1319,25351,10886,寺庄村村委,村委房屋,7,间,
1320,25352,10886,寺庄村村委,远程教育设备,10,套,
1321,25361,10886,寺庄村村委,小立柜,11,个,
1322,25359,10886,寺庄村村委,学校椅子,11,把,
1323,25360,10886,寺庄村村委,茶几,11,个,
1324,25353,10886,寺庄村村委,书柜,11,个,
1325,25356,10886,寺庄村村委,床,11,张,
1326,25355,10886,寺庄村村委,沙发,11,套,
1327,25357,10886,寺庄村村委,档案柜,11,个,
1328,25354,10886,寺庄村村委,办公桌,11,张,
1329,25362,10886,寺庄村村委,阅览桌椅,11,套,
1330,25358,10886,寺庄村村委,学校桌子,11,张,
1331,25364,10886,寺庄村村委,图书,12,册,
1332,25363,10886,寺庄村村委,乡村道路,18,公里,
1333,22557,10889,岭南村村委,村室,7,间,岭南村
1334,22609,10889,岭南村村委,学校,8,间,岭南村
1335,22621,10889,岭南村村委,村卫生室用品,10,套,岭南村
1336,22574,10889,岭南村村委,凳子,11,把,岭南村
1337,22562,10889,岭南村村委,老板桌,11,张,岭南村
1338,22582,10889,岭南村村委,看报椅,11,张,岭南村
1339,22569,10889,岭南村村委,条桌,11,张,城头村
1340,22584,10889,岭南村村委,床,11,张,岭南村
1341,22565,10889,岭南村村委,沙发,11,套,岭南村
1342,22588,10889,岭南村村委,书柜文件柜,11,个,岭南村
1343,22592,10889,岭南村村委,小方凳,11,个,岭南村
1344,22578,10889,岭南村村委,看报桌,11,张,岭南村
1345,22616,10889,岭南村村委,学校用品,11,套,岭南村
1346,22627,10889,岭南村村委,兰球架\乒乓球台,12,个,岭南村
1347,22619,10889,岭南村村委,学校远程教育,12,套,岭南村
1348,22594,10889,岭南村村委,村远程教育,12,套,岭南村
1349,22602,10889,岭南村村委,铜器、大鼓,12,套,岭南村
1350,22624,10889,岭南村村委,公厕,18,个,岭南村
1351,22629,10889,岭南村村委,村村通公路,18,个,岭南村
1352,25372,10890,寺庄坪村村委,北平房,8,间,
1353,25369,10890,寺庄坪村村委,东教学楼,8,间,
1354,25370,10890,寺庄坪村村委,南教学楼,8,间,
1355,25368,10890,寺庄坪村村委,西教学楼,8,间,
1356,25379,10890,寺庄坪村村委,教会房屋,9,间,
1357,25375,10890,寺庄坪村村委,电视机,10,台,
1358,25376,10890,寺庄坪村村委,书柜,11,个,
1359,25373,10890,寺庄坪村村委,办公桌椅,11,套,
1360,25377,10890,寺庄坪村村委,图书,12,册,
1361,25380,10890,寺庄坪村村委,乡村道路,18,公里,
1362,25384,10901,东七村村委,村委房屋,7,间,
1363,25387,10901,东七村村委,电脑,10,台,
1364,25385,10901,东七村村委,电视机,10,台,
1365,25389,10901,东七村村委,沙发,11,套,
1366,25388,10901,东七村村委,办公桌椅,11,套,
1367,25391,10901,东七村村委,休闲广场,12,个,
1368,25394,10901,东七村村委,水塔,13,个,
1369,25392,10901,东七村村委,机井,13,个,
1370,25393,10901,东七村村委,地下管道,13,米,
1371,25390,10901,东七村村委,乡村道路,18,公里,
1372,25395,10904,西英豪村村委,村委房屋,7,间,
1373,25396,10904,西英豪村村委,电脑,10,台,
1374,25401,10904,西英豪村村委,计生桌椅,11,套,
1375,25399,10904,西英豪村村委,办公桌椅,11,套,
1376,25405,10904,西英豪村村委,乒乓球案,11,个,
1377,25402,10904,西英豪村村委,文件柜,11,个,
1378,25408,10904,西英豪村村委,图书,12,册,
1379,25403,10904,西英豪村村委,健身器材,12,套,
1380,25407,10904,西英豪村村委,水泵,13,台,
1381,25397,10904,西英豪村村委,乡村道路,18,公里,
1382,25411,10907,东城南村村委,教学楼,8,间,
1383,25413,10907,东城南村村委,电视机,10,台,
1384,25419,10907,东城南村村委,学校课桌,11,张,
1385,25418,10907,东城南村村委,书柜,11,组,
1386,25414,10907,东城南村村委,办公桌椅,11,套,
1387,25423,10907,东城南村村委,社火道具,12,套,
1388,25416,10907,东城南村村委,图书,12,册,
1389,25421,10907,东城南村村委,水泵,13,台,
1390,25424,10907,东城南村村委,乡村道路,18,公里,
1391,25431,10910,王都村村委,文化大院,7,间,
1392,25428,10910,王都村村委,教学楼,8,间,
1393,25434,10910,王都村村委,远程教育设备,10,套,
1394,25433,10910,王都村村委,办公桌椅,11,套,
1395,25435,10910,王都村村委,乡村道路,18,公里,
1396,21620,10912,李家洼村委,养殖场房,9,间,
1397,21618,10912,李家洼村委,电脑,10,台,
1398,21612,10912,李家洼村委,彩电,10,台,
1399,21617,10912,李家洼村委,小方凳,11,个,
1400,21615,10912,李家洼村委,沙发,11,套,
1401,21614,10912,李家洼村委,椅子,11,把,
1402,21613,10912,李家洼村委,办公桌子,11,张,
1403,21616,10912,李家洼村委,单桌,11,张,
1404,21622,10912,李家洼村委,吃水工程设备,15,套,
1405,25436,10913,西城南村村委,村委房屋,7,间,
1406,25437,10913,西城南村村委,学校房屋,8,间,
1407,25443,10913,西城南村村委,电视机,10,套,
1408,25442,10913,西城南村村委,电脑,10,台,
1409,25438,10913,西城南村村委,办公桌,11,张,
1410,25439,10913,西城南村村委,沙发,11,套,
1411,25441,10913,西城南村村委,书柜,11,个,
1412,25440,10913,西城南村村委,档案柜,11,个,
1413,25444,10913,西城南村村委,乡村道路,18,公里,
1414,25445,10918,王家坪村村委,村委房屋,7,间,
1415,25446,10918,王家坪村村委,教学楼,8,间,
1416,25448,10918,王家坪村村委,电视机,10,台,
1417,25449,10918,王家坪村村委,电脑,10,台,
1418,25451,10918,王家坪村村委,档案柜,11,个,
1419,25447,10918,王家坪村村委,办公桌椅,11,套,
1420,25450,10918,王家坪村村委,乡村户户通道路,18,公里,
1421,25452,10918,王家坪村村委,乡村道路,18,公里,
1422,25475,10921,富村村委,村委房屋,7,间,
1423,25477,10921,富村村委,学校房屋,8,间,
1424,25486,10921,富村村委,电视机,10,套,
1425,25484,10921,富村村委,电脑,10,台,
1426,25483,10921,富村村委,书柜,11,组,
1427,25481,10921,富村村委,文件柜,11,个,
1428,25480,10921,富村村委,沙发,11,组,
1429,25479,10921,富村村委,办公桌,11,套,
1430,25487,10921,富村村委,乡村道路,18,公里,
1431,24275,10927,西川村村委,村委房屋,7,间,西川村
1432,24283,10927,西川村村委,上溪学校,8,间,上溪小学校
1433,24279,10927,西川村村委,学校,8,间,东川学校
1434,24293,10927,西川村村委,小沙发,11,套,村室
1435,24288,10927,西川村村委,椅子,11,把,村室
1436,24433,10927,西川村村委,书柜,11,个,村室
1437,24290,10927,西川村村委,大沙发,11,套,村室
1438,24754,10927,西川村村委,连椅,11,套,西川村委
1439,24437,10927,西川村村委,椅子,11,把,村室
1440,24431,10927,西川村村委,椅子,11,把,村室
1441,24404,10927,西川村村委,图书桌,11,张,村室
1442,24403,10927,西川村村委,药柜,11,个,村室
1443,24401,10927,西川村村委,计生床,11,张,村室
1444,24395,10927,西川村村委,床,11,套,村室
1445,24286,10927,西川村村委,办公桌,11,张,村室
1446,24736,10927,西川村村委,饮水机,11,台,村办公室
1447,24436,10927,西川村村委,桌子,11,把,村室
1448,24300,10927,西川村村委,文件柜,11,个,村室
1449,24295,10927,西川村村委,三斗桌,11,套,村室
1450,24298,10927,西川村村委,茶几,11,个,村室
1451,24357,10927,西川村村委,功放机,12,套,村室
1452,24738,10927,西川村村委,图书,12,册,村图书室
1453,24392,10927,西川村村委,光盘,12,张,村室
1454,24353,10927,西川村村委,电视机,12,台,村室
1455,24358,10927,西川村村委,高音喇叭,12,套,村室
1456,24737,10927,西川村村委,乒乓球台,12,套,西川村室
1457,24355,10927,西川村村委,机顶盒,12,个,村室
1458,24360,10927,西川村村委,球篮,12,套,村委会
1459,24733,10927,西川村村委,沟西至渑坡公路,18,米,西川村
1460,24734,10927,西川村村委,古堆至岔路口,18,米,西川村
1461,24730,10927,西川村村委,西川至坡头公路,18,米,西川村
1462,24731,10927,西川村村委,沟南至岭南,18,米,西川村
1463,24735,10927,西川村村委,北头至渑坡公路,18,米,西川村
1464,25494,10928,吴窑头村村委,村委房屋,7,间,
1465,25493,10928,吴窑头村村委,学校房屋,8,间,
1466,25500,10928,吴窑头村村委,猪场房屋,9,间,
1467,25497,10928,吴窑头村村委,电视机,10,台,
1468,25498,10928,吴窑头村村委,办公桌椅,11,套,
1469,25496,10928,吴窑头村村委,计生桌椅,11,套,
1470,25501,10928,吴窑头村村委,书柜,11,个,
1471,25503,10928,吴窑头村村委,乡村道路,18,公里,
1472,25508,10933,南马村村委,村委房屋,7,间,
1473,25521,10933,南马村村委,扩音机喇叭,10,套,
1474,25520,10933,南马村村委,电视机,10,台,
1475,25518,10933,南马村村委,办公桌椅,11,套,
1476,25515,10933,南马村村委,乡村道路,18,公里,
1477,23612,10936,汪坟村村委,村委房屋,7,间,西汪坟
1478,23611,10936,汪坟村村委,教学楼,8,间,汪坟村西汪坟
1479,23625,10936,汪坟村村委,烟库,9,间,汪坟村
1480,23615,10936,汪坟村村委,沙发,11,套,汪坟村
1481,23638,10936,汪坟村村委,沙发,11,套,汪坟村
1482,23617,10936,汪坟村村委,电视机,11,台,汪坟村
1483,23623,10936,汪坟村村委,桌,11,张,汪坟村
1484,23614,10936,汪坟村村委,桌,11,张,西汪坟
1485,23619,10936,汪坟村村委,VCD,12,台,汪坟村
1486,23641,10936,汪坟村村委,书籍,12,册,村室
1487,23621,10936,汪坟村村委,农家书屋,12,间,汪坟
1488,23605,10936,汪坟村村委,村村通,18,米,汪坟村
1489,21231,10938,班村村委,村委房屋,7,平米,
1490,21233,10938,班村村委,公开栏,10,个,
1491,21235,10938,班村村委,图书柜,10,个,
1492,21242,10938,班村村委,桌子,11,张,
1493,21244,10938,班村村委,椅子,11,个,
1494,21236,10938,班村村委,电视机,11,台,
1495,21237,10938,班村村委,球场健身器材,12,个,
1496,21232,10938,班村村委,机井,15,口,
1497,21240,10938,班村村委,凳子,16,条,
1498,21238,10938,班村村委,桌子,16,张,
1499,23082,10943,西天池村村委,学校,8,间,
1500,23098,10943,西天池村村委,广场,9,平米,
1501,23103,10943,西天池村村委,办公设施,10,件,
1502,23090,10943,西天池村村委,办公家具,11,套,
1503,23087,10943,西天池村村委,街道路灯,12,套,
1504,23073,10943,西天池村村委,舞台,12,座,
1505,23077,10943,西天池村村委,电动垃圾车,12,辆,
1506,23080,10943,西天池村村委,饮水工程,13,座,
1507,23076,10943,西天池村村委,饮水工程,13,套,
1508,25995,10943,西天池村村委,村村通水泥路,18,米,
1509,25994,10943,西天池村村委,新农村建设,18,米,
1510,26037,10945,东天池村村委,村委,7,间,
1511,26036,10945,东天池村村委,学校,8,间,
1512,24531,10945,东天池村村委,舞台,9,座,
1513,24553,10945,东天池村村委,远程教育,12,套,
1514,24555,10945,东天池村村委,烟水配套工程,13,套,
1515,24533,10945,东天池村村委,村西小桥,13,座,
1516,24534,10945,东天池村村委,白龙河大桥,13,座,
1517,26038,10945,东天池村村委,村村通,18,米,
1518,23347,10947,陶村村委,大会堂,7,间,
1519,23355,10947,陶村村委,村办公楼,7,间,
1520,23349,10947,陶村村委,老村室,7,间,
1521,23344,10947,陶村村委,小学教学楼,8,间,
1522,23356,10947,陶村村委,课桌板凳,11,套,
1523,23351,10947,陶村村委,舞台,12,座,
1524,23346,10947,陶村村委,围墙旗台,12,套,
1525,23358,10947,陶村村委,远程教育,14,套,
1526,26042,10947,陶村村委,村村通,18,米,
1527,23092,10949,胡坑村委,村委办公楼,7,幢,
1528,23091,10949,胡坑村委,村教学楼,8,幢,
1529,37985,10949,胡坑村委,打印机,10,台,
1530,37986,10949,胡坑村委,电脑,10,台,
1531,23106,10949,胡坑村委,图书,11,套,
1532,37978,10949,胡坑村委,格力空调2P柜机,11,套,
1533,37979,10949,胡坑村委,格力空调1.5P,11,套,
1534,38023,10949,胡坑村委,防盗门,11,套,
1535,23097,10949,胡坑村委,办公椅子,11,套,
1536,23099,10949,胡坑村委,书柜,11,套,
1537,23094,10949,胡坑村委,办公桌,11,套,
1538,23102,10949,胡坑村委,沙发,11,套,
1539,23112,10949,胡坑村委,乡村公路,13,套,
1540,37984,10949,胡坑村委,图书,18,批,
1541,25526,10952,牛王岭村村委,学校房屋,8,间,
1542,25528,10952,牛王岭村村委,旧烟站,9,间,
1543,25532,10952,牛王岭村村委,电视机,10,台,
1544,25530,10952,牛王岭村村委,办公桌椅,11,套,
1545,25531,10952,牛王岭村村委,图书,12,册,
1546,25534,10952,牛王岭村村委,乡村道路,18,公里,
1547,22570,10956,茹窑村村委,上茹窑小学,8,间,茹窑村
1548,22630,10956,茹窑村村委,上沟西小学,8,间,茹窑村
1549,22563,10956,茹窑村村委,学校,8,个,茹窑村
1550,35147,10956,茹窑村村委,打印复印一体机,10,台,村室
1551,35145,10956,茹窑村村委,电视机,10,台,村室
1552,35146,10956,茹窑村村委,电脑兼容机,10,台,村室
1553,22567,10956,茹窑村村委,远程教育电视,10,台,茹窑村
1554,22560,10956,茹窑村村委,计生桌椅,11,套,茹窑村
1555,22583,10956,茹窑村村委,村委办公桌,11,套,茹窑村
1556,22579,10956,茹窑村村委,村桌椅床,11,套,茹窑村
1557,22587,10956,茹窑村村委,球栏,12,套,茹窑村
1558,22613,10956,茹窑村村委,广场,12,个,茹窑村
1559,22585,10956,茹窑村村委,图书,12,套,茹窑村
1560,22591,10956,茹窑村村委,乒乓球案,12,个,茹窑村
1561,22618,10956,茹窑村村委,水泵,13,个,茹窑村
1562,22599,10956,茹窑村村委,人畜饮水工程,13,套,茹窑村
1563,22597,10956,茹窑村村委,於地骨干坝,13,处,茹窑村
1564,22604,10956,茹窑村村委,村村通工程,18,米,茹窑村
1565,24882,10959,苏庄村村委,村委房屋,7,,
1566,24884,10959,苏庄村村委,学校房屋,8,,
1567,24885,10959,苏庄村村委,办公用品,10,套,
1568,24889,10960,段村村委,村委房屋,7,,
1569,24891,10960,段村村委,学校房屋,8,平米,
1570,24892,10960,段村村委,办公用品,10,套,
1571,24893,10960,段村村委,水坝,13,套,
1572,24895,10961,安头村委,村委房屋,7,,
1573,24906,10961,安头村委,学校,8,,
1574,24918,10961,安头村委,电视机,10,,
1575,24900,10961,安头村委,电视机,10,,
1576,24897,10961,安头村委,桌子,11,,
1577,24898,10961,安头村委,櫈子,11,,
1578,24910,10961,安头村委,铜器,12,,
1579,24908,10961,安头村委,大鼓,12,,
1580,24911,10961,安头村委,水泵,13,,
1581,24913,10961,安头村委,管子,13,,
1582,24916,10961,安头村委,教育书,14,,
1583,24932,10962,杨村村委,村室,7,平米,
1584,24936,10962,杨村村委,杨村汽车站,7,平米,
1585,24934,10962,杨村村委,学校,8,平米,
1586,24940,10962,杨村村委,电视,10,,
1587,24941,10962,杨村村委,书柜,11,套,
1588,24938,10962,杨村村委,办公桌,11,套,
1589,24942,10962,杨村村委,床,11,套,
1590,24945,10963,牛玉村委,房屋,7,平米,
1591,24959,10963,牛玉村委,远程教育,10,套,
1592,24958,10963,牛玉村委,电脑,10,套,
1593,24943,10963,牛玉村委,电视机,10,套,
1594,24944,10963,牛玉村委,桌椅,11,套,
1595,24961,10965,耿村村委,村委,7,栋,
1596,24960,10965,耿村村委,教学楼,8,,
1597,24965,10965,耿村村委,戏楼,9,坐,
1598,24963,10965,耿村村委,电脑,10,台,
1599,24962,10965,耿村村委,电视机,10,台,
1600,24964,10965,耿村村委,椅子,11,套,
1601,25539,10966,上曲村村委,村委房屋,7,间,
1602,25536,10966,上曲村村委,学校房屋,8,间,
1603,25542,10966,上曲村村委,电脑,10,台,
1604,25543,10966,上曲村村委,远程教育设备,10,套,
1605,25545,10966,上曲村村委,办公桌椅,11,套,
1606,25550,10966,上曲村村委,图书,12,册,
1607,25546,10966,上曲村村委,水泵,13,套,
1608,25548,10966,上曲村村委,饮水工程设施,13,组,
1609,25553,10966,上曲村村委,乡村道路,18,公里,
1610,24968,10969,八里村委 ,村委会,7,平米,
1611,24970,10969,八里村委 ,教学楼,8,平米,
1612,24789,10969,八里村委 ,办公用品,10,套,
1613,24794,10969,八里村委 ,沙发,10,套,
1614,24791,10969,八里村委 ,空调,10,套,
1615,24792,10969,八里村委 ,村委空调,10,套,
1616,24793,10969,八里村委 ,文件柜,11,套,
1617,24967,10969,八里村委 ,课桌,11,,
1618,24971,10969,八里村委 ,沙发,11,套,
1619,25595,10970,孟窑头村村委,村委房屋,7,间,
1620,25618,10970,孟窑头村村委,阅览桌椅,11,套,
1621,25617,10970,孟窑头村村委,计生桌椅,11,套,
1622,25620,10970,孟窑头村村委,书柜,11,个,
1623,25615,10970,孟窑头村村委,办公桌椅,11,套,
1624,25625,10970,孟窑头村村委,计生床椅柜,11,套,
1625,25621,10970,孟窑头村村委,图书,12,册,
1626,25597,10970,孟窑头村村委,河滩泵房设备,13,套,
1627,25601,10970,孟窑头村村委,五组泵房设备,13,套,
1628,25614,10970,孟窑头村村委,乡村户户通道路,18,公里,
1629,25609,10970,孟窑头村村委,乡村道路,18,公里,
1630,24975,10972,东村村委,学校,8,,
1631,24977,10972,东村村委,电脑,10,,
1632,24983,10972,东村村委,电视机,10,,
1633,24973,10972,东村村委,机井,13,套,
1634,25629,10974,西安头村村委,村委房屋,7,间,
1635,25630,10974,西安头村村委,教学楼,8,间,
1636,25638,10974,西安头村村委,其他房屋,9,间,
1637,25632,10974,西安头村村委,电脑,10,台,
1638,25634,10974,西安头村村委,办公桌椅,11,套,
1639,25636,10974,西安头村村委,社火道具,12,套,
1640,25640,10974,西安头村村委,乡村道路,18,公里,
1641,24796,10975,孟村村委,教学楼、村委楼,8,间,
1642,24800,10975,孟村村委,图书柜,11,套,
1643,24798,10975,孟村村委,沙发、茶几,11,套,
1644,24797,10975,孟村村委,办公桌、课桌、三斗卓,11,套,
1645,24799,10975,孟村村委,椅子、凳子,11,套,
1646,24801,10975,孟村村委,吃水工程,13,套,
1647,25697,10978,英新村村委,村委房屋,7,间,
1648,25698,10978,英新村村委,教学楼,8,间,
1649,25699,10978,英新村村委,办公桌椅,11,套,
1650,25700,10978,英新村村委,学校桌椅,11,套,
1651,25701,10978,英新村村委,机井,13,套,
1652,25702,10978,英新村村委,乡村道路,18,公里,
1653,24338,10979,涧北村委,村委楼,7,间,
1654,24343,10979,涧北村委,校院附属房,8,,
1655,24306,10979,涧北村委,教学楼,8,,
1656,24390,10979,涧北村委,村牛场,9,个,
1657,24341,10979,涧北村委,办公桌椅,11,,
1658,24345,10979,涧北村委,村戏楼附属房,12,套,
1659,24348,10979,涧北村委,村猪场,18,个,
1660,25703,10981,仁灵村村委,教学楼,8,间,
1661,25707,10981,仁灵村村委,电视机,10,台,
1662,25709,10981,仁灵村村委,电脑,10,台,
1663,25715,10981,仁灵村村委,红白桌椅,11,套,
1664,25705,10981,仁灵村村委,桌椅,11,套,
1665,25712,10981,仁灵村村委,机井水塔,13,套,
1666,25720,10981,仁灵村村委,配电设备,17,组,
1667,25722,10981,仁灵村村委,乡村道路,18,公里,
1668,24993,10983,涧新村委,村委办公楼,7,,
1669,24998,10983,涧新村委,教学楼,8,,
1670,24994,10983,涧新村委,电视机,10,,
1671,24996,10983,涧新村委,椅子,11,,
1672,24995,10983,涧新村委,课桌,11,,
1673,24997,10983,涧新村委,办公家具,11,,
1674,24999,10983,涧新村委,课桌凳子,11,,
1675,25729,10985,槐英村村委,村委办公楼,7,间,
1676,25731,10985,槐英村村委,教学楼,8,间,
1677,25738,10985,槐英村村委,监控设备,10,套,
1678,25734,10985,槐英村村委,电视机,10,台,
1679,25736,10985,槐英村村委,投影机,10,套,
1680,25732,10985,槐英村村委,办公桌椅沙发,11,套,
1681,25741,10985,槐英村村委,沼气抽渣车,15,辆,
1682,25748,10985,槐英村村委,乡村道路,18,公里,
1683,28959,10985,槐英村村委,资金资产,18,笔,
1684,23447,10986,城头村村委,村委会房屋,7,间,村委会
1685,22725,10986,城头村村委,图书柜,10,套,村室
1686,22506,10986,城头村村委,饮水机,11,台,城头村
1687,22478,10986,城头村村委,办公椅子,11,张,城头村
1688,22720,10986,城头村村委,办公桌,11,套,村室
1689,25843,10986,城头村村委,档案柜,11,个,村室
1690,22496,10986,城头村村委,沙发,11,套,城头村
1691,22721,10986,城头村村委,计生室桌,11,套,村计生室
1692,22488,10986,城头村村委,电视机\音响,12,件,城头村室
1693,22548,10986,城头村村委,音响,12,个,城头村
1694,22491,10986,城头村村委,科技书图书,12,本,城头村
1695,22503,10986,城头村村委,水利设施,13,套,城头村
1696,22498,10986,城头村村委,变压器,15,台,城头村
1697,22511,10986,城头村村委,道路,18,米,城头村
1698,25001,10989,展庄村委,教学楼,8,,
1699,25005,10989,展庄村委,电脑,10,,
1700,25002,10989,展庄村委,电视机,10,,
1701,25003,10989,展庄村委,课桌课椅,11,,
1702,25004,10989,展庄村委,熊营水库,13,套,
1703,25750,10991,新岭村村委,村委房屋,7,间,
1704,25760,10991,新岭村村委,电工房,9,间,
1705,25752,10991,新岭村村委,电视机,10,台,
1706,25753,10991,新岭村村委,电脑,10,台,
1707,25757,10991,新岭村村委,红白桌椅,11,套,
1708,25751,10991,新岭村村委,办公桌椅,11,套,
1709,25755,10991,新岭村村委,机井水塔,13,眼,
1710,25761,10991,新岭村村委,乡村道路,18,公里,
1711,25015,10993,刘窑村委,村室,7,,
1712,25014,10993,刘窑村委,村小学,8,,
1713,25017,10993,刘窑村委,电视,10,,
1714,25016,10993,刘窑村委,桌子沙发,11,,
1715,25021,10993,刘窑村委,烟水配套工程,17,,
1716,25019,10993,刘窑村委,烤烟厂,17,,
1717,22643,10994,泰山村村委,村办公楼,7,间,太山村
1718,22649,10994,泰山村村委,村委房屋,7,间,太山村
1719,22734,10994,泰山村村委,村教学楼,8,间,太山村
1720,22691,10994,泰山村村委,卫生室,9,间,太山村
1721,22670,10994,泰山村村委,档案柜,10,个,太山村
1722,22684,10994,泰山村村委,监控,10,个,太山村
1723,22682,10994,泰山村村委,报警器,10,台,太山村
1724,28962,10994,泰山村村委,1.8米班台,10,套,村委会
1725,22698,10994,泰山村村委,观察床,11,支,太山村
1726,22709,10994,泰山村村委,资料柜,11,个,太山村
1727,22665,10994,泰山村村委,办公桌,11,张,太山村
1728,22679,10994,泰山村村委,长凳子,11,个,太山村
1729,28963,10994,泰山村村委,办公椅,11,把,村委会
1730,28969,10994,泰山村村委,书柜,11,组,村委会
1731,28964,10994,泰山村村委,1.2米茶几,11,个,村委会
1732,28967,10994,泰山村村委,排椅,11,条,村委会
1733,28968,10994,泰山村村委,沙发,11,套,村委会
1734,24006,10994,泰山村村委,复印机,11,台,村室
1735,28966,10994,泰山村村委,1.4办公椅,11,张,村委会
1736,28970,10994,泰山村村委,条几,11,个,村委会
1737,22669,10994,泰山村村委,吊扇,11,个,太山村
1738,22686,10994,泰山村村委,床,11,支,太山村
1739,22706,10994,泰山村村委,椅子,11,把,太山村
1740,22685,10994,泰山村村委,一头沉桌,11,张,学校
1741,22654,10994,泰山村村委,沙发,11,套,太山村
1742,22650,10994,泰山村村委,会议桌,11,套,太山村
1743,22674,10994,泰山村村委,床,11,张,太山村村委
1744,22708,10994,泰山村村委,课桌,11,张,太山村
1745,22716,10994,泰山村村委,吊扇,11,个,学校里
1746,22657,10994,泰山村村委,条桌,11,张,太山村
1747,22660,10994,泰山村村委,课桌,11,套,太山村
1748,22664,10994,泰山村村委,办公桌,11,张,太山村
1749,22666,10994,泰山村村委,弓字椅,11,套,太山村
1750,22667,10994,泰山村村委,铁椅子,11,套,太山村
1751,22672,10994,泰山村村委,书柜,11,套,太山村
1752,22704,10994,泰山村村委,办公桌,11,张,太山村
1753,22710,10994,泰山村村委,凳子,11,个,学校里
1754,22651,10994,泰山村村委,椅子,11,把,太山村
1755,22694,10994,泰山村村委,凳子,11,个,太山村
1756,22683,10994,泰山村村委,三斗桌,11,张,太山村
1757,22719,10994,泰山村村委,书柜,11,套,学校里
1758,22656,10994,泰山村村委,条几,11,个,太山村
1759,22658,10994,泰山村村委,小椅子,11,把,太山村
1760,22661,10994,泰山村村委,凳子,11,个,太山村
1761,22718,10994,泰山村村委,床,11,张,太山村
1762,22652,10994,泰山村村委,老板桌,11,张,太山村
1763,22692,10994,泰山村村委,桌子,11,张,太山村
1764,22701,10994,泰山村村委,电视机,12,台,卫生室
1765,22714,10994,泰山村村委,DVD ,12,套,太山村
1766,22678,10994,泰山村村委,功放机,12,台,太山村
1767,22644,10994,泰山村村委,DVD,12,台,太山村
1768,22647,10994,泰山村村委,文化共享工程,12,套,太山村
1769,22697,10994,泰山村村委,公厕,12,座,太山村
1770,22680,10994,泰山村村委,远程教育,12,套,太山村
1771,22715,10994,泰山村村委,DVD,12,台,太山村
1772,22712,10994,泰山村村委,电视机,12,台,学校里
1773,22681,10994,泰山村村委,电子琴,12,架,太山村
1774,22741,10994,泰山村村委,教学楼电脑,12,台,教学楼
1775,22688,10994,泰山村村委,电视机,12,台,太山村
1776,22675,10994,泰山村村委,电视机,12,台,太山村
1777,22687,10994,泰山村村委,沼气专用车,15,台,太山村
1778,22702,10994,泰山村村委,消毒锅,17,个,太山村
1779,22700,10994,泰山村村委,诊断床,17,支,太山村
1780,22696,10994,泰山村村委,冷藏箱,17,个,卫生室
1781,22695,10994,泰山村村委,管道,17,米,太山村
1782,22713,10994,泰山村村委,身高体重称,17,个,太山村
1783,22705,10994,泰山村村委,紫外线灯,17,个,太山村
1784,22690,10994,泰山村村委,深井泵,17,个,太山村
1785,22689,10994,泰山村村委,变压器,17,个,太山村
1786,22711,10994,泰山村村委,消毒车,17,个,太山村
1787,22707,10994,泰山村村委,药品柜,17,个,太山村
1788,28965,10994,泰山村村委,衣架,18,个,村委会
1789,22699,10994,泰山村村委,硬化道路,18,个,太山村
1790,22693,10994,泰山村村委,泵房,18,间,太山村
1791,24273,10997,孟家村委,文化书屋,7,间,
1792,24284,10997,孟家村委,教学楼门面房,8,间,
1793,24264,10997,孟家村委,教学楼,8,,
1794,24278,10997,孟家村委,篮球栏,8,个,
1795,24270,10997,孟家村委,喇叭,10,个,
1796,24266,10997,孟家村委,桌子,11,套,
1797,24267,10997,孟家村委,椅子,11,套,
1798,24276,10997,孟家村委,健身器材,12,个,
1799,24271,10997,孟家村委,路灯,12,盏,
1800,24272,10997,孟家村委,体育广场,12,个,
1801,24268,10997,孟家村委,电视机,18,个,
1802,25850,10998,观吊村村委,村委房屋,7,间,观吊村
1803,25849,10998,观吊村村委,教学楼,8,座,观吊村
1804,25845,10998,观吊村村委,办公家具,11,套,观吊村室
1805,25847,10998,观吊村村委,广场,12,套,观吊村
1806,25844,10998,观吊村村委,电视机、功放,12,套,观吊村
1807,25846,10998,观吊村村委,村吃水井,13,套,观吊村
1808,25848,10998,观吊村村委,柴油机、水泵,17,个,观吊村
1809,22443,10998,观吊村村委,村村通,18,米,观吊村
1810,25031,10999,石堆村委,村委,7,,
1811,25035,10999,石堆村委,学校,8,,
1812,25039,10999,石堆村委,桌子凳子,11,,
1813,25043,10999,石堆村委,大鼓铜器,12,,
1814,25042,10999,石堆村委,教育设施书,12,,
1815,25037,10999,石堆村委,书屋,12,,
1816,25041,10999,石堆村委,文体设施,12,,
1817,25044,10999,石堆村委,电视电脑扩音器,12,,
1818,25045,10999,石堆村委,医疗设施,17,,
1819,25046,11002,西村村委,电视机,10,,
1820,24227,11004,杨树洼村村委,村委会房屋,7,间,杨树洼村
1821,24255,11004,杨树洼村村委,沙发,11,套,村室
1822,24254,11004,杨树洼村村委,阅览桌,11,套,村室
1823,24232,11004,杨树洼村村委,计生桌,11,套,村室
1824,24236,11004,杨树洼村村委,床,11,套,村室
1825,24238,11004,杨树洼村村委,柜子,11,个,村室
1826,24230,11004,杨树洼村村委,办公桌,11,套,村室
1827,24253,11004,杨树洼村村委,音箱品,12,盒,村室
1828,24247,11004,杨树洼村村委,功放,12,套,村室
1829,24242,11004,杨树洼村村委,VCD,12,台,村室
1830,24240,11004,杨树洼村村委,电视机,12,台,村室
1831,24252,11004,杨树洼村村委,图书,12,册,村室
1832,24245,11004,杨树洼村村委,远程教育,12,台,村室
1833,24251,11004,杨树洼村村委,雨量检测器,17,个,村室房上
1834,24256,11004,杨树洼村村委,公路,18,米,杨树洼村
1835,24739,11005,石沟村委,村委房屋,7,平米,
1836,25061,11005,石沟村委,学校房屋,8,,
1837,24742,11005,石沟村委,电脑,10,套,
1838,24743,11005,石沟村委,柜子,11,套,
1839,24744,11005,石沟村委,凳子,11,套,
1840,24745,11005,石沟村委,办公桌,11,套,
1841,24741,11005,石沟村委,电视机,12,套,
1842,26599,11007,杨河村委,村委房屋,7,间,杨河村岭头
1843,26600,11007,杨河村委,教学楼,8,间,杨河村岭头
1844,26863,11007,杨河村委,旧房,9,间,杨河村岭头
1845,26605,11007,杨河村委,书柜,10,个,杨河村
1846,26604,11007,杨河村委,橙子,11,个,杨河村
1847,26603,11007,杨河村委,桌子,11,张,杨河村
1848,26601,11007,杨河村委,办公桌,11,张,杨河村
1849,38056,11007,杨河村委,办公桌椅,11,,杨河村室内
1850,38057,11007,杨河村委,资料柜,11,,杨河村室内
1851,26602,11007,杨河村委,沙发,11,组,杨河村
1852,26606,11007,杨河村委,图书,18,本,杨河村
1853,25062,11010,下庄村委,教学楼,8,,
1854,25065,11010,下庄村委,远程教育电视,10,,
1855,25063,11010,下庄村委,桌子凳子,11,,
1856,25069,11010,下庄村委,椅子,11,,
1857,25074,11010,下庄村委,柜子桌子椅子,11,,
1858,25068,11010,下庄村委,办公桌,11,,
1859,25072,11010,下庄村委,农村书屋书,12,,
1860,25066,11010,下庄村委,水泵,13,,
1861,22505,11012,土岭村村委,村室一座,7,间,土岭村
1862,22530,11012,土岭村村委,远程教育,10,台,土岭村
1863,22524,11012,土岭村村委,柜子,10,个,土岭村
1864,23398,11012,土岭村村委,办公桌,11,套,村委会
1865,22522,11012,土岭村村委,床,11,张,土岭村
1866,22534,11012,土岭村村委,沙发,11,套,土岭村
1867,22513,11012,土岭村村委,办公椅,11,把,土岭村
1868,22507,11012,土岭村村委,桌子,11,套,土岭村
1869,22518,11012,土岭村村委,会议室椅子,11,把,土岭村
1870,22532,11012,土岭村村委,音像品,12,套,土岭村
1871,22528,11012,土岭村村委,VCD,12,台,土岭村
1872,22538,11012,土岭村村委,球栏,12,付,土岭村
1873,22527,11012,土岭村村委,电视机,12,台,土岭村
1874,22531,11012,土岭村村委,图书,12,本,土岭村
1875,22541,11012,土岭村村委,水池,13,个,土岭村
1876,22539,11012,土岭村村委,公路,18,米,土岭村
1877,25077,11015,太平村委,教学楼,8,,
1878,25079,11015,太平村委,电视机,10,,
1879,25078,11015,太平村委,教学设施,14,,
1880,25081,11015,太平村委,防汛设施,18,,
1881,26607,11017,红花窝村委 ,村委房屋,7,间,红花窝村
1882,38116,11017,红花窝村委 ,打印机,10,台,红花窝村委
1883,26608,11017,红花窝村委 ,办公设备,10,套,红花窝村
1884,26611,11017,红花窝村委 ,书柜,10,个,红花窝村
1885,38115,11017,红花窝村委 ,联想电脑,10,台,红花窝村委
1886,26609,11017,红花窝村委 ,电视机,12,台,红花窝村
1887,26610,11017,红花窝村委 ,图书,18,本,红花窝村
1888,25793,11018,甘涧村委,村委房屋,7,间,
1889,25792,11018,甘涧村委,学校房屋,8,间,
1890,25788,11018,甘涧村委,鸡厂厂房,9,间,
1891,25790,11018,甘涧村委,电视机,10,台,
1892,25791,11018,甘涧村委,电脑,10,台,
1893,25789,11018,甘涧村委,办公桌椅,11,套,
1894,25786,11018,甘涧村委,娱乐设施,12,个,
1895,27593,11018,甘涧村委,球场文化大院,12,个,
1896,25787,11018,甘涧村委,水井,13,眼,
1897,27592,11018,甘涧村委,公路,18,米,
1898,24415,11019,西坡村委,村室房屋,7,间,
1899,24418,11019,西坡村委,教学楼,8,平米,
1900,24424,11019,西坡村委,老村学校,8,,
1901,24422,11019,西坡村委,电脑,10,,
1902,24420,11019,西坡村委,办公家具,11,,
1903,24421,11019,西坡村委,电视,12,,
1904,24427,11019,西坡村委,烟水配套工程,13,,
1905,22448,11020,韩家坑村村委,村房屋,7,间,韩家坑村
1906,25851,11020,韩家坑村村委,学校房屋,8,间,韩家坑村委
1907,27574,11020,韩家坑村村委,沙发,10,套,村委会
1908,22489,11020,韩家坑村村委,资料柜,10,个,韩家坑村
1909,27577,11020,韩家坑村村委,桌子,11,套,村委会
1910,27579,11020,韩家坑村村委,椅子,11,套,村委会
1911,22481,11020,韩家坑村村委,村椅子,11,把,韩家坑村
1912,25852,11020,韩家坑村村委,沙发、茶几,11,套,村室
1913,22476,11020,韩家坑村村委,村桌子,11,张,韩家坑村
1914,22495,11020,韩家坑村村委,球栏,12,付,韩家坑村
1915,22455,11020,韩家坑村村委,休闲广场,12,个,韩家坑村
1916,25853,11020,韩家坑村村委,建身器材,12,套,韩家坑村
1917,27568,11020,韩家坑村村委,防盗门,16,个,村委会
1918,22499,11020,韩家坑村村委,铁门,17,个,韩家坑村
1919,22463,11020,韩家坑村村委,村原有羊场,18,间,韩家坑村
1920,25095,11024,毛沟村委,村室,7,栋,
1921,25106,11024,毛沟村委,教学楼,8,栋,
1922,25115,11024,毛沟村委,烟站,9,平米,
1923,25110,11024,毛沟村委,学校电视,10,套,
1924,25101,11024,毛沟村委,电脑,10,台,
1925,25098,11024,毛沟村委,远程教育,10,套,
1926,25114,11024,毛沟村委,学生课桌,11,个,
1927,25108,11024,毛沟村委,办公桌,11,个,
1928,22633,11026,韶峰村村委,村委房屋,7,间,韶峰村
1929,22634,11026,韶峰村村委,学校房屋,8,间,韶峰村
1930,22637,11026,韶峰村村委,学校平房,8,间,韶峰村
1931,22749,11026,韶峰村村委,变压器房,9,间,韶峰村
1932,22759,11026,韶峰村村委,小木柜,11,个,村室
1933,22763,11026,韶峰村村委,活石桌,11,张,村室
1934,22775,11026,韶峰村村委,饮水机,11,套,村室
1935,22769,11026,韶峰村村委,办公椅,11,个,村室
1936,22753,11026,韶峰村村委,沙发,11,套,村室
1937,22764,11026,韶峰村村委,阅览案,11,套,村室
1938,22768,11026,韶峰村村委,长会议桌,11,张,村室
1939,22757,11026,韶峰村村委,铁皮柜,11,套,村室
1940,22758,11026,韶峰村村委,木柜,11,个,村室
1941,22755,11026,韶峰村村委,茶几,11,套,村室
1942,22754,11026,韶峰村村委,老板桌,11,张,村室
1943,22756,11026,韶峰村村委,连椅,11,个,村室
1944,22760,11026,韶峰村村委,方凳,11,套,村室
1945,22752,11026,韶峰村村委,办公桌,11,张,村室
1946,22766,11026,韶峰村村委,床,11,张,村室
1947,22751,11026,韶峰村村委,电视机,12,台,村室
1948,22774,11026,韶峰村村委,音像,12,台,村室
1949,22761,11026,韶峰村村委,课桌,12,张,村室
1950,22776,11026,韶峰村村委,投影机,12,台,村收
1951,22772,11026,韶峰村村委,喇叭,12,套,村收
1952,22771,11026,韶峰村村委,功放,12,台,村室
1953,22762,11026,韶峰村村委,书架,12,个,村室
1954,22765,11026,韶峰村村委,玻璃柜,12,套,村室
1955,22748,11026,韶峰村村委,水泵,13,台,赵庄组
1956,22746,11026,韶峰村村委,管道,13,米,韶峰村
1957,22745,11026,韶峰村村委,水池,13,个,韶峰村
1958,22750,11026,韶峰村村委,栏水坝,13,套,村赵庄组
1959,25232,11026,韶峰村村委,变压器,17,台,赵庄组
1960,22642,11026,韶峰村村委,厕所,18,间,韶峰村
1961,22767,11026,韶峰村村委,被子,18,个,村室
1962,24865,11026,韶峰村村委,村村通,18,米,韶峰村
1963,25118,11027,窑屋村委,村室,7,栋,
1964,25116,11027,窑屋村委,教学楼,8,栋,
1965,25121,11027,窑屋村委,文化娱乐起床,10,套,
1966,25119,11027,窑屋村委,办公桌,11,张,
1967,25120,11027,窑屋村委,方墩,11,套,
1968,22673,11031,不召寨村村委,不召寨自然村小学,8,间,不召寨
1969,22732,11031,不召寨村村委,不召寨村小学,8,间,不召寨村
1970,22731,11031,不召寨村村委,村文化大院,9,间,不召寨村
1971,24263,11031,不召寨村村委,圪增村文化大院,9,间,圪增组
1972,22668,11031,不召寨村村委,计生学校桌椅,11,套,不召寨
1973,22659,11031,不召寨村村委,档案柜,11,个,不召寨
1974,22655,11031,不召寨村村委,孕检床,11,个,不召寨
1975,22671,11031,不召寨村村委,党员活动室友办公设施,11,套,不召寨
1976,22663,11031,不召寨村村委,图书柜,11,套,不召寨
1977,22653,11031,不召寨村村委,计生室办公家具,11,个,不召寨
1978,22662,11031,不召寨村村委,文化体育娱乐设施,12,个,不召寨
1979,22733,11031,不召寨村村委,图书,12,册,村室
1980,22730,11031,不召寨村村委,不召寨村饮水工程,13,套,不召寨村
1981,22729,11031,不召寨村村委,吃水工程,13,套,不召寨一组
1982,22676,11031,不召寨村村委,村村通公路,18,米,不召寨
1983,25130,11032,刘头村委,卫生室,7,,
1984,25124,11032,刘头村委,村室,7,,
1985,25123,11032,刘头村委,教学楼,8,,
1986,25127,11032,刘头村委,老学校,8,,
1987,25128,11032,刘头村委,办公家具,11,,
1988,25129,11032,刘头村委,娱乐设施,12,,
1989,25139,11034,李家村委,村室,7,栋,
1990,25145,11034,李家村委,村室,7,,
1991,25146,11034,李家村委,体育器材,12,,
1992,25150,11034,李家村委,烤厂住房,18,,
1993,25154,11034,李家村委,道路硬化,18,万米,
1994,25152,11034,李家村委,编烟大棚,18,个,
1995,25149,11034,李家村委,乌鸡厂,18,,
1996,25151,11034,李家村委,烤厂包库,18,个,
1997,25148,11034,李家村委,烤房,18,,
1998,25156,11036,杜寺村委,老学校,8,栋,
1999,25155,11036,杜寺村委,教学楼,8,栋,
2000,25159,11036,杜寺村委,办公设施,10,套,
2001,25157,11036,杜寺村委,电视机,10,套,
2002,25158,11036,杜寺村委,桌子、凳子,11,套,
2003,25167,11037,杜家村委,学校,8,栋,
2004,25165,11037,杜家村委,烟囱配套,9,处,
2005,25163,11037,杜家村委,远程教育,10,套,
2006,25164,11037,杜家村委,桌登,11,套,
2007,25160,11037,杜家村委,文化广场,12,平方,
2008,25162,11037,杜家村委,体育器材,12,套,
2009,25161,11037,杜家村委,综合灌溉,13,亩,
2010,25166,11037,杜家村委,新农村 ,18,个,
2011,23922,11041,白羊山村村委,原窑地村委会,7,间,原窑地村
2012,23680,11041,白羊山村村委,原白羊山村委,7,间,白羊山村
2013,23673,11041,白羊山村村委,文化大院,7,平米,移民点
2014,23924,11041,白羊山村村委,原浪地村学校,8,间,原浪地村委
2015,23675,11041,白羊山村村委,学校,8,平米,移民点
2016,23921,11041,白羊山村村委,原窑地村学校,8,间,原窑地村
2017,23698,11041,白羊山村村委,原白羊山学校,8,间,原白羊山村
2018,23902,11041,白羊山村村委,办公桌,11,张,村室
2019,23918,11041,白羊山村村委,阅览室桌凳,11,套,村室
2020,23916,11041,白羊山村村委,办公桌沙发茶几,11,套,村室
2021,23914,11041,白羊山村村委,铁皮柜,11,个,村室
2022,23913,11041,白羊山村村委,木柜,11,个,村室
2023,23900,11041,白羊山村村委,电视机,12,台,村室
2024,23899,11041,白羊山村村委,播放器,12,套,村室
2025,23915,11041,白羊山村村委,图书,12,册,村室
2026,23901,11041,白羊山村村委,黑板,12,块,村室
2027,23917,11041,白羊山村村委,原拨羊山变压器,17,个,原白羊山村
2028,23926,11041,白羊山村村委,原窑地村变压器,17,台,原窑地村
2029,23925,11041,白羊山村村委,原浪地变压器,17,台,原浪地村
2030,25190,11043,东岭村委,村委办公室,7,,
2031,25189,11043,东岭村委,教学楼,8,,
2032,25193,11043,东岭村委,电脑,10,,
2033,25194,11043,东岭村委,办公家具,11,,
2034,25191,11043,东岭村委,办公家具,11,,
2035,25195,11043,东岭村委,水井,13,,
2036,25196,11043,东岭村委,烟水配套井,13,,
2037,25192,11043,东岭村委,远程教育,14,,
2038,24035,11045,路村村委,教学楼,8,,
2039,24052,11045,路村村委,烟站,9,平米,
2040,24042,11045,路村村委,办公椅,11,,
2041,25733,11053,韶华村委,村委办公楼,7,间,
2042,25735,11053,韶华村委,教学楼,8,平米,
2043,25740,11053,韶华村委,电视机,10,台,
2044,34005,11053,韶华村委,打印机,10,套,
2045,25746,11053,韶华村委,电脑,10,台,
2046,25747,11053,韶华村委,档案柜,11,个,
2047,25742,11053,韶华村委,凳子,11,个,
2048,25737,11053,韶华村委,村办公桌,11,套,
2049,25739,11053,韶华村委,桌子,11,张,
2050,25745,11053,韶华村委,健身器材,12,套,
2051,25743,11053,韶华村委,社鼓,12,面,
2052,25744,11053,韶华村委,铜钗,12,副,
2053,33625,11053,韶华村委,水泵,13,台,
2054,25645,11054,苏门村委,教学楼,7,平米,
2055,25680,11054,苏门村委,安里文化大院房屋,7,平米,
2056,25689,11054,苏门村委,曹滹沱文化大院房屋,7,平米,
2057,25643,11054,苏门村委,文化大院,7,平米,
2058,25647,11054,苏门村委,青少年宫楼房,7,平米,
2059,25644,11054,苏门村委,村卫生室房屋,7,平米,
2060,25730,11054,苏门村委,关北学校房屋,8,平米,
2061,25646,11054,苏门村委,学校宿舍,8,平米,
2062,25728,11054,苏门村委,老学房屋,8,平米,
2063,25726,11054,苏门村委,老学校房屋,8,平米,
2064,25687,11054,苏门村委,学校房屋,8,平米,
2065,25725,11054,苏门村委,关南学校房屋,8,平米,
2066,25727,11054,苏门村委,关中学校房屋,8,平米,
2067,25648,11054,苏门村委,文化大院门楼,9,平米,
2068,25649,11054,苏门村委,文化大院围墙,9,平米,
2069,25650,11054,苏门村委,学校门楼,9,平米,
2070,25681,11054,苏门村委,安里文化大院围墙,9,平米,
2071,25706,11054,苏门村委,曹端祠,9,座,
2072,25665,11054,苏门村委,饮水机,10,台,
2073,25662,11054,苏门村委,电脑,10,台,
2074,25666,11054,苏门村委,电暖扇,10,台,
2075,25667,11054,苏门村委,投影机,10,部,
2076,33726,11054,苏门村委,音响,10,台,
2077,33725,11054,苏门村委,空调,10,台,
2078,25663,11054,苏门村委,吊扇,10,台,
2079,25674,11054,苏门村委,空调机,10,台,
2080,25664,11054,苏门村委,落地扇,10,台,
2081,25708,11054,苏门村委,东南组桌凳炊具,10,套,
2082,25710,11054,苏门村委,东中桌凳炊具,10,套,
2083,25711,11054,苏门村委,东北炊具,10,套,
2084,25714,11054,苏门村委,西中炊具,10,套,
2085,25716,11054,苏门村委,西北炊具,10,套,
2086,25659,11054,苏门村委,床,11,张,
2087,25675,11054,苏门村委,计生室办公桌,11,线,
2088,25677,11054,苏门村委,人口学校课桌,11,套,
2089,25678,11054,苏门村委,药具资料柜,11,个,
2090,25656,11054,苏门村委,办公桌,11,张,
2091,25657,11054,苏门村委,会议桌,11,套,
2092,25658,11054,苏门村委,办公椅,11,把,
2093,25673,11054,苏门村委,小连椅,11,把,
2094,25684,11054,苏门村委,桌凳,11,套,
2095,25723,11054,苏门村委,任西桌凳,11,套,
2096,25660,11054,苏门村委,远程教育室桌凳,11,套,
2097,25672,11054,苏门村委,茶几,11,张,
2098,25676,11054,苏门村委,计生室办公椅,11,把,
2099,25679,11054,苏门村委,办公桌书柜,11,套,
2100,25694,11054,苏门村委,桌凳,11,套,
2101,25671,11054,苏门村委,沙发,11,套,
2102,25717,11054,苏门村委,任南桌凳,11,套,
2103,25690,11054,苏门村委,篮球场,12,平方米,
2104,25691,11054,苏门村委,篮球架,12,副,
2105,25692,11054,苏门村委,健身器材,12,件,
2106,25668,11054,苏门村委,休闲广场,12,平方,
2107,25682,11054,苏门村委,健身器材,12,件,
2108,25683,11054,苏门村委,球台,12,副,
2109,25654,11054,苏门村委,健身器材,12,件,
2110,27566,11054,苏门村委,便民服务中心,12,平米,
2111,25655,11054,苏门村委,篮球架,12,幅,
2112,25693,11054,苏门村委,球台,12,副,
2113,25669,11054,苏门村委,村舞台,12,平方米,
2114,25688,11054,苏门村委,水井水塔,13,套,
2115,25704,11054,苏门村委,水塔,13,套,
2116,25713,11054,苏门村委,西南水井,13,套,
2117,25718,11054,苏门村委,任南水塔,13,套,
2118,25719,11054,苏门村委,任北水塔,13,套,
2119,25721,11054,苏门村委,任东水塔,13,套,
2120,25724,11054,苏门村委,任西水塔,13,套,
2121,25685,11054,苏门村委,炊具,18,套,
2122,25686,11054,苏门村委,冰柜,18,台,
2123,25651,11054,苏门村委,厕所,18,个,
2124,25652,11054,苏门村委,村务公开栏,18,个,
2125,27548,11054,苏门村委,村文化大院门前路面,18,平米,
2126,27549,11054,苏门村委,乔苏公路水泥路面,18,平米,
2127,27550,11054,苏门村委,安里文化大院及路面,18,平米,
2128,27551,11054,苏门村委,曹滹沱水泥路面,18,平米,
2129,27555,11054,苏门村委,东北组水泥路面,18,平米,
2130,27553,11054,苏门村委,东南组水泥路面,18,平米,
2131,27554,11054,苏门村委,东中组水泥路面,18,平米,
2132,27556,11054,苏门村委,西南组水泥路面,18,平米,
2133,27557,11054,苏门村委,西中组水泥路面,18,平米,
2134,27558,11054,苏门村委,西北组水泥路面,18,平米,
2135,27559,11054,苏门村委,任南组水泥路面,18,平米,
2136,27560,11054,苏门村委,任北组水泥路面,18,平米,
2137,27561,11054,苏门村委,任东组水泥路面,18,平米,
2138,27562,11054,苏门村委,任西组水泥路面,18,平米,
2139,27563,11054,苏门村委,关南组水泥路面,18,平米,
2140,27564,11054,苏门村委,关中组水泥路面,18,平米,
2141,27565,11054,苏门村委,关北组水泥路面,18,平米,
2142,25653,11054,苏门村委,国旗座,18,个,
2143,25695,11054,苏门村委,炊具,18,套,
2144,25696,11054,苏门村委,冰柜,18,台,
2145,25670,11054,苏门村委,图书,18,册,
2146,25506,11055,天桥村委,文化大院,7,间,
2147,25504,11055,天桥村委,学校,8,间,
2148,25524,11055,天桥村委,高音喇叭,10,台,
2149,25517,11055,天桥村委,茶几,10,套,
2150,25523,11055,天桥村委,扩音器材,10,台,
2151,25527,11055,天桥村委,书案,11,张,
2152,25519,11055,天桥村委,课桌,11,张,
2153,25529,11055,天桥村委,凳子,11,张,
2154,25513,11055,天桥村委,椅子,11,张,
2155,25512,11055,天桥村委,办公桌,11,张,
2156,25516,11055,天桥村委,小沙发,11,套,
2157,25522,11055,天桥村委,椅子,11,张,
2158,25525,11055,天桥村委,档案柜,11,套,
2159,25514,11055,天桥村委,大沙发,11,套,
2160,25509,11055,天桥村委,崤村水井,13,套,
2161,25511,11055,天桥村委,天桥水井,13,座,
2162,25507,11055,天桥村委,吃水工程,13,座,
2163,25510,11055,天桥村委,庙后水井,13,座,
2164,25533,11055,天桥村委,图书,18,册,
2165,27583,11055,天桥村委,天桥村水泥路面,18,平米,
2166,25551,11056,西天坛村委,村办公室,7,间,
2167,25547,11056,西天坛村委,学校,8,间,
2168,25549,11056,西天坛村委,卫生所,9,间,
2169,25562,11056,西天坛村委,电视机、VCD,10,台,
2170,25554,11056,西天坛村委,农家书柜,11,套,
2171,25557,11056,西天坛村委,桌子,11,张,
2172,25556,11056,西天坛村委,椅子凳子,11,把,
2173,25552,11056,西天坛村委,篮球栏,12,个,
2174,25563,11056,西天坛村委,球案,12,台,
2175,25560,11056,西天坛村委,机井,13,眼,
2176,28889,11056,西天坛村委,沟东至煤矿路,18,里,
2177,27586,11056,西天坛村委,水泥路面,18,米,
2178,27589,11057,贺滹沱村委,村委房屋,7,平米,
2179,25049,11057,贺滹沱村委,学校房屋,8,平米,
2180,25455,11057,贺滹沱村委,门楼,9,座,
2181,27588,11057,贺滹沱村委,办化设备,10,套,
2182,25047,11057,贺滹沱村委,办公家具,11,件,
2183,25462,11057,贺滹沱村委,休闲广场,12,座,
2184,25457,11057,贺滹沱村委,健身器材,12,件,
2185,25459,11057,贺滹沱村委,水井及配套设施,13,套,
2186,25454,11057,贺滹沱村委,柴油喷灌机,13,套,
2187,25456,11057,贺滹沱村委,电子监控,15,套,
2188,27587,11057,贺滹沱村委,沥青水泥路面,18,米,
2189,25572,11058,东阳村委,文化大院,7,座,
2190,25567,11058,东阳村委,学校,8,座,
2191,25566,11058,东阳村委,门楼,9,个,
2192,25575,11058,东阳村委,远程教育,10,套,
2193,25578,11058,东阳村委,办公桌,11,张,
2194,25580,11058,东阳村委,椅子沙发柜子,11,个,
2195,25569,11058,东阳村委,电脑办公桌椅床,11,套,
2196,25577,11058,东阳村委,文化活动配套设施,12,套,
2197,25574,11058,东阳村委,球栏,12,个,
2198,25581,11058,东阳村委,机电设备,15,套,
2199,25571,11058,东阳村委,路灯,18,个,
2200,27590,11058,东阳村委,水泥路,18,公里,
2201,23787,11059,中涧村委,村委房屋,7,间,
2202,23791,11059,中涧村委,凳子,11,条,
2203,23790,11059,中涧村委,办公桌,11,张,
2204,23786,11059,中涧村委,篮球栏,12,套,
2205,23789,11059,中涧村委,村舞台,12,平方米,
2206,23785,11059,中涧村委,球案,12,个,
2207,23783,11059,中涧村委,水井,13,套,
2208,27591,11059,中涧村委,村组公路,18,公里,
2209,25794,11060,后涧村委,教学楼及教师办公室,8,平米,
2210,25804,11060,后涧村委,远程教育设备,10,套,
2211,25803,11060,后涧村委,扩音机,10,台,
2212,25802,11060,后涧村委,计生用椅子,11,个,
2213,25801,11060,后涧村委,计生学校桌子,11,张,
2214,25798,11060,后涧村委,办公桌,11,张,
2215,25800,11060,后涧村委,椅子,11,个,
2216,25799,11060,后涧村委,沙发,11,件,
2217,25797,11060,后涧村委,健身器材,12,件,
2218,25805,11060,后涧村委,泵房,13,间,
2219,25795,11060,后涧村委,机井,13,眼,
2220,25796,11060,后涧村委,农家书,18,册,
2221,27594,11060,后涧村委,水泥路,18,米,
2222,25584,11061,韶阳村委,村委房屋,7,间,
2223,25585,11061,韶阳村委,学校房屋,8,平米,
2224,25590,11061,韶阳村委,其它房屋,9,间,
2225,25589,11061,韶阳村委,扩音机,10,套,
2226,25588,11061,韶阳村委,椅子,11,把,
2227,25587,11061,韶阳村委,办公桌,11,张,
2228,25591,11061,韶阳村委,水井设备,13,套,
2229,27595,11061,韶阳村委,乡村道路,18,平米,
2230,23763,11062,马岭村委,村委办大楼,7,间,
2231,23764,11062,马岭村委,教学楼,8,间,
2232,27570,11062,马岭村委,村办公用具,10,套,
2233,23765,11062,马岭村委,电脑,10,台,
2234,23767,11062,马岭村委,图书,18,本,
2235,28233,11063,庄子村委,学校楼房,8,间,
2236,28234,11063,庄子村委,教师住室,8,间,
2237,28229,11063,庄子村委,电视机,10,台,
2238,28228,11063,庄子村委,电脑,10,台,
2239,28231,11063,庄子村委,办公桌,11,张,
2240,28230,11063,庄子村委,办公椅子,11,把,
2241,28232,11063,庄子村委,书柜,11,个,
2242,28235,11063,庄子村委,中西组水泥路,18,平米,
2243,25774,11064,刘果村委,村委大院,7,间,
2244,25773,11064,刘果村委,学校,8,间,
2245,25775,11064,刘果村委,电脑,10,台,
2246,25785,11064,刘果村委,床,10,张,
2247,25781,11064,刘果村委,沙发,10,件,
2248,25776,11064,刘果村委,电视机,10,台,
2249,25782,11064,刘果村委,文件柜,11,个,
2250,25784,11064,刘果村委,学习凳,11,个,
2251,25783,11064,刘果村委,学习桌,11,张,
2252,25780,11064,刘果村委,办公椅,11,把,
2253,25779,11064,刘果村委,办公桌,11,张,
2254,25777,11064,刘果村委,机井,13,眼,
2255,27567,11064,刘果村委,水泥路面,18,平米,
2256,25778,11064,刘果村委,农家书屋,18,个,
2257,23769,11065,仰韶村委,学校房屋,8,平米,
2258,23771,11065,仰韶村委,电视,10,台,
2259,23778,11065,仰韶村委,学习桌,11,张,
2260,23774,11065,仰韶村委,桌,11,张,
2261,23780,11065,仰韶村委,凳子,11,个,
2262,23776,11065,仰韶村委,椅子,11,把,
2263,23772,11065,仰韶村委,沙发,11,套,
2264,23777,11065,仰韶村委,书柜,11,个,
2265,23773,11065,仰韶村委,茶几,11,个,
2266,23781,11065,仰韶村委,球案,12,幅,
2267,27571,11065,仰韶村委,水泥路面,18,平米,
2268,24957,11067,阳光村委,村委房屋,7,间,
2269,24956,11067,阳光村委,电暖器,10,个,
2270,24955,11067,阳光村委,电视机,10,台,
2271,24954,11067,阳光村委,硬沙发茶几,10,套,
2272,24951,11067,阳光村委,柜子,11,个,
2273,24952,11067,阳光村委,床板,11,块,
2274,24953,11067,阳光村委,图书柜,11,个,
2275,24949,11067,阳光村委,办公桌,11,张,
2276,24950,11067,阳光村委,椅子凳子,11,张,
2277,25616,11068,礼庄寨村委,村委房屋,7,间,
2278,25619,11068,礼庄寨村委,学校房屋,8,间,
2279,25639,11068,礼庄寨村委,配电房,9,平米,
2280,25637,11068,礼庄寨村委,书柜及图书,10,套,
2281,25635,11068,礼庄寨村委,监控设备,10,套,
2282,25633,11068,礼庄寨村委,电脑,10,台,
2283,25622,11068,礼庄寨村委,桌,11,张,
2284,25631,11068,礼庄寨村委,电视机,11,台,
2285,25623,11068,礼庄寨村委,椅子,11,把,
2286,25624,11068,礼庄寨村委,柜子,11,个,
2287,25628,11068,礼庄寨村委,健身器材,12,个,
2288,25642,11068,礼庄寨村委,球场,12,个,
2289,25627,11068,礼庄寨村委,球案,12,台,
2290,25626,11068,礼庄寨村委,篮球架,12,副,
2291,25641,11068,礼庄寨村委,喷灌设备,13,台,
2292,27543,11068,礼庄寨村委,道路,18,个,
2293,25762,11069,乐村村委,学校及村委房屋,7,平米,
2294,25772,11069,乐村村委,其它房屋,9,平米,
2295,25769,11069,乐村村委,木床,10,张,
2296,25768,11069,乐村村委,电视机,10,台,
2297,25767,11069,乐村村委,扩音机喇叭及音响,10,套,
2298,25764,11069,乐村村委,方凳,11,把,
2299,25765,11069,乐村村委,图书柜,11,个,
2300,25766,11069,乐村村委,阅读案桌,11,张,
2301,25763,11069,乐村村委,办公桌,11,张,
2302,25770,11069,乐村村委,球架,12,副,
2303,25771,11069,乐村村委,机井,13,眼,
2304,27544,11069,乐村村委,乡村道路,18,千米,
2305,25749,11070,裴窑村委,村委办公楼,7,平米,
2306,25754,11070,裴窑村委,其它房屋,9,间,
2307,25758,11070,裴窑村委,电视,10,台,
2308,25756,11070,裴窑村委,办公家具,11,套,
2309,25759,11070,裴窑村委,水渠,13,米,
2310,27545,11070,裴窑村委,水泥路面,18,米,
2311,25608,11071,乔岭村委,学校房屋,8,座,
2312,25607,11071,乔岭村委,图书室,9,个,
2313,25602,11071,乔岭村委,医疗站,9,个,
2314,25605,11071,乔岭村委,窗帘,10,幅,
2315,25613,11071,乔岭村委,远程教育,10,套,
2316,25612,11071,乔岭村委,计算机监控,10,套,
2317,25598,11071,乔岭村委,饮水机,10,台,
2318,25604,11071,乔岭村委,床,10,套,
2319,25603,11071,乔岭村委,沙发,11,套,
2320,25599,11071,乔岭村委,办公桌椅,11,套,
2321,25600,11071,乔岭村委,会议桌椅,11,张,
2322,25596,11071,乔岭村委,电视机,11,台,
2323,25606,11071,乔岭村委,柜子,11,个,
2324,27547,11071,乔岭村委,图书馆,12,个,
2325,25611,11071,乔岭村委,学校办公桌椅,14,套,
2326,25610,11071,乔岭村委,课桌凳,14,套,
2327,27546,11071,乔岭村委,乡村道路,18,公里,
2328,25938,11074,宋沟村村委,村委,7,间,
2329,25939,11074,宋沟村村委,学校,8,间,
2330,25941,11074,宋沟村村委,办公家具,11,套,
2331,25940,11074,宋沟村村委,学校围墙等,12,套,
2332,25943,11074,宋沟村村委,水井,13,眼,
2333,25942,11074,宋沟村村委,教育科研,14,套,
2334,25944,11074,宋沟村村委,村村通,18,公里,
2335,23068,11076,东坡头村村委,村委房屋,7,间,
2336,23067,11076,东坡头村村委,学校房屋,8,间,
2337,23061,11076,东坡头村村委,农家书屋及设施,9,间,
2338,36186,11076,东坡头村村委,沙发,10,套,
2339,36189,11076,东坡头村村委,铁连椅,10,套,
2340,36188,11076,东坡头村村委,办公椅,10,套,
2341,36187,11076,东坡头村村委,办公桌,10,套,
2342,23066,11076,东坡头村村委,村委设施,10,套,
2343,23056,11076,东坡头村村委,学校院内设施,12,套,
2344,23054,11076,东坡头村村委,村委大院设施,12,套,
2345,23058,11076,东坡头村村委,配电设施,12,套,
2346,23059,11076,东坡头村村委,学校办公设施及学生课桌,12,套,
2347,23051,11076,东坡头村村委,饮水设备,13,套,
2348,25980,11076,东坡头村村委,水泥路,18,公里,
2349,25998,11131,马沟村村委,村村通,6,米,
2350,23302,11131,马沟村村委,村委,7,间,
2351,23303,11131,马沟村村委,老学校,8,间,
2352,23300,11131,马沟村村委,小学房产,8,间,
2353,23301,11131,马沟村村委,学生桌椅板凳,12,套,
2354,23305,11131,马沟村村委,新农村建设,13,,
2355,23306,11131,马沟村村委,烟水配套工程,13,亩,
2356,23304,11131,马沟村村委,饮水工程,13,处,
2357,23275,11133,杨大池村村委,村室,7,间,
2358,23266,11133,杨大池村村委,学校房屋,8,间,
2359,23280,11133,杨大池村村委,村室内电视机,11,台,
2360,23278,11133,杨大池村村委,村室板凳,11,根,
2361,23282,11133,杨大池村村委,农家书屋书柜,11,个,
2362,23277,11133,杨大池村村委,村室办公桌子,11,张,
2363,23284,11133,杨大池村村委,农家书屋写字台椅子,11,张,
2364,23269,11133,杨大池村村委,学校板凳,12,套,
2365,23273,11133,杨大池村村委,学校电脑,12,台,
2366,23271,11133,杨大池村村委,学校电视机,12,台,
2367,23286,11133,杨大池村村委,书室书本,12,册,
2368,23285,11133,杨大池村村委,温控,12,个,
2369,23267,11133,杨大池村村委,学校桌子,12,张,
2370,26041,11133,杨大池村村委,水泥路,18,公里,
2371,23687,11135,堡南村村委,村委,7,间,
2372,23686,11135,堡南村村委,新学校,8,间,
2373,23684,11135,堡南村村委,老学校,8,间,
2374,23690,11135,堡南村村委,农家书屋,9,册,
2375,23689,11135,堡南村村委,电话机房,12,座,
2376,23688,11135,堡南村村委,新农村建设设施,12,座,
2377,26028,11135,堡南村村委,水泥路,18,个,
2378,23019,11137,水泉洼村村委,村室,7,间,
2379,23013,11137,水泉洼村村委,学校房产,8,间,
2380,23012,11137,水泉洼村村委,村烟站房产,9,间,
2381,23020,11137,水泉洼村村委,办公家俱,11,套,
2382,23015,11137,水泉洼村村委,学校桌凳,12,套,
2383,23022,11137,水泉洼村村委,电视机,12,台,
2384,23018,11137,水泉洼村村委,西四组机井,13,眼,
2385,23017,11137,水泉洼村村委,机井,13,眼,
2386,24023,11139,下马延村村委,村委,7,间,
2387,24021,11139,下马延村村委,小学,8,间,
2388,24024,11139,下马延村村委,办公桌椅,11,套,
2389,24025,11139,下马延村村委,远程教育,12,套,
2390,24022,11139,下马延村村委,桌椅板凳,12,套,
2391,26034,11139,下马延村村委,村至南坡门道路,18,米,
2392,26032,11139,下马延村村委,村村通,18,米,
2393,26033,11139,下马延村村委,新农村村内道路,18,米,
2394,24614,11141,杨村村村委,村委,7,间,
2395,24570,11141,杨村村村委,学校,8,间,
2396,24572,11141,杨村村村委,烟站,9,间,
2397,24567,11141,杨村村村委,舞台,9,间,
2398,24615,11141,杨村村村委,办公家俱,11,套,
2399,24616,11141,杨村村村委,远程教育,12,套,
2400,24618,11141,杨村村村委,舞台硬化,12,平方米,
2401,26040,11141,杨村村村委,学校院硬化,18,米,
2402,23542,11143,芮沟村村委,村委房产,7,间,
2403,23557,11143,芮沟村村委,老学校,8,间,
2404,23523,11143,芮沟村村委,小学房产,8,间,
2405,23553,11143,芮沟村村委,村委办公桌,11,套,
2406,23545,11143,芮沟村村委,教师办公桌椅,12,套,
2407,23549,11143,芮沟村村委,教学器材,12,套,
2408,23551,11143,芮沟村村委,书柜子,12,套,
2409,23555,11143,芮沟村村委,电视柜子书柜,12,套,
2410,23547,11143,芮沟村村委,09年党校捐赠桌椅板凳,12,套,
2411,23539,11143,芮沟村村委,学生桌椅板凳,12,套,
2412,23559,11143,芮沟村村委,烟水配套工程,13,套,
2413,26044,11143,芮沟村村委,村村通,18,米,
2414,23003,11145,张大池村村委,村委房屋,7,间,
2415,23004,11145,张大池村村委,学校房屋,8,间,
2416,23005,11145,张大池村村委,村委及学校办公设施,9,个,
2417,23009,11145,张大池村村委,配电房,9,间,
2418,23007,11145,张大池村村委,农家书屋（书柜等）,10,套,
2419,23006,11145,张大池村村委,办公家俱,11,套,
2420,23010,11145,张大池村村委,水渠,13,米,
2421,26026,11145,张大池村村委,村内道路绿化,18,米,
2422,26025,11145,张大池村村委,田间水泥路,18,米,
2423,26024,11145,张大池村村委,村村通,18,米,
2424,23379,11147,竹峪村村委,小学房产,8,间,
2425,23385,11147,竹峪村村委,药柜,11,套,
2426,23380,11147,竹峪村村委,计生室桌椅板凳,11,套,
2427,23382,11147,竹峪村村委,孕检床,11,套,
2428,23386,11147,竹峪村村委,档案柜子,11,套,
2429,23387,11147,竹峪村村委,远程教育器材,12,套,
2430,23041,11153,龙潭沟村村委,村委房屋       ,7,间        ,
2431,23037,11153,龙潭沟村村委,办公家具,11,套,
2432,23038,11153,龙潭沟村村委,机井,13,套,
2433,25960,11153,龙潭沟村村委,笃忠至义马路,18,公里,
2434,25959,11153,龙潭沟村村委,村村通,18,公里,
2435,23027,11161,三九沟村村委,学校,8,所,
2436,23029,11161,三九沟村村委,打窝机,13,台,
2437,23028,11161,三九沟村村委,吃水工程,13,套,
2438,25957,11161,三九沟村村委,村道路,18,公里,
2439,24558,11165,陈沟村村委,村室,7,间,
2440,24564,11165,陈沟村村委,学校,8,间,
2441,24559,11165,陈沟村村委,办公用具,11,套,
2442,24563,11165,陈沟村村委,农家书屋用品,12,套,
2443,24560,11165,陈沟村村委,远程教育,12,套,
2444,26039,11165,陈沟村村委,村村通,18,米,
2445,24012,11170,张吕村村委,村委,7,所,
2446,24019,11170,张吕村村委,原小学,8,间,
2447,24014,11170,张吕村村委,烟点,9,所,
2448,24015,11170,张吕村村委,办公设施,11,套,
2449,24017,11170,张吕村村委,远程教育,12,套,
2450,24020,11170,张吕村村委,吃水工程,13,套,
2451,24018,11170,张吕村村委,垃圾池,13,个,
2452,26030,11170,张吕村村委,道路,18,米,
2453,26031,11170,张吕村村委,村村通,18,条,
2454,26023,11175,南昌村村委,村委,7,间,
2455,22995,11175,南昌村村委,南昌学校教学楼,8,平米,
2456,23001,11175,南昌村村委,村门楼一座,9,座,
2457,23002,11175,南昌村村委,办公设施,10,套,
2458,23000,11175,南昌村村委,健身器材,12,套,
2459,26022,11175,南昌村村委,村村通,18,公里,
2460,23674,11185,鹿寺村村委,小学,8,间,
2461,23678,11185,鹿寺村村委,农家书屋,9,座,
2462,23677,11185,鹿寺村村委,村委办公设施,11,套,
2463,26021,11185,鹿寺村村委,村村公路,18,公里,
2464,23391,11189,藕池村村委,村小学,8,间,
2465,23395,11189,藕池村村委,庙院,9,间,
2466,23392,11189,藕池村村委,剧院,9,座,
2467,23397,11189,藕池村村委,远程教育,12,套,
2468,23396,11189,藕池村村委,排水渠,13,米,
2469,23402,11189,藕池村村委,吃水工程设备,13,套,
2470,26043,11189,藕池村村委,水泥路,18,公里,
2471,23046,11206,南涧村村委,村委办公室,7,间,
2472,23042,11206,南涧村村委,学校,8,间,
2473,23043,11206,南涧村村委,水利设施,13,米,
2474,23045,11206,南涧村村委,学校课桌,14,套,
2475,25968,11206,南涧村村委,水泥路,18,公里,
2476,25966,11206,南涧村村委,村村通,18,公里,
2477,23626,11210,西元村村委,学校房产,8,间,
2478,23631,11210,西元村村委,农家书屋,9,间,
2479,23636,11210,西元村村委,门楼围墙,9,米,
2480,23629,11210,西元村村委,课桌,11,套,
2481,26010,11210,西元村村委,办公用品,11,个,
2482,23632,11210,西元村村委,档案柜,11,套,
2483,23627,11210,西元村村委,办公用具,11,张,
2484,23634,11210,西元村村委,厕所,12,套,
2485,23630,11210,西元村村委,电视,12,套,
2486,23633,11210,西元村村委,水井,13,眼,
2487,26007,11210,西元村村委,村村通,18,公里,
2488,23654,11214,笃忠村村委,村委,7,间,
2489,23667,11214,笃忠村村委,学校总资产,8,座,
2490,23656,11214,笃忠村村委,草粉厂房子,9,间,
2491,23657,11214,笃忠村村委,办公家具,11,套,
2492,23664,11214,笃忠村村委,舞台,13,座,
2493,23662,11214,笃忠村村委,水塔,13,眼,
2494,23659,11214,笃忠村村委,教育科研,14,套,
2495,23683,11214,笃忠村村委,垃圾车,15,台,
2496,26027,11214,笃忠村村委,村村通,18,公里,
2497,23692,11217,贾沟村村委,老小学,8,间,
2498,23693,11217,贾沟村村委,文化大院,9,间,
2499,23696,11217,贾沟村村委,办公设施,11,套,
2500,23694,11217,贾沟村村委,远程教育,12,套,
2501,26029,11217,贾沟村村委,村村通,18,米,
2502,24028,11219,桐树沟村村委,村委,7,间,
2503,24026,11219,桐树沟村村委,小学校,8,间,
2504,24027,11219,桐树沟村村委,烟库存,9,间,
2505,24032,11219,桐树沟村村委,书屋,9,间,
2506,24029,11219,桐树沟村村委,办公用具,11,套,
2507,24031,11219,桐树沟村村委,烟水配套设施,13,套,
2508,26035,11219,桐树沟村村委,村村通,18,米,
2509,24862,11222,石泉村村委,学校,8,间,
2510,24863,11222,石泉村村委,烟站,9,间,
2511,24864,11222,石泉村村委,办公用品,11,套,
2512,24868,11222,石泉村村委,电脑监控,12,套,
2513,24867,11222,石泉村村委,垃圾池,13,个,
2514,24866,11222,石泉村村委,南坝,13,套,
2515,26000,11222,石泉村村委,一事一议水泥路,18,米,
2516,25999,11222,石泉村村委,村村通,18,米,
2517,23574,11226,朝阳村村委,村委办公楼,7,间,
2518,23578,11226,朝阳村村委,学校,8,平米,
2519,23596,11226,朝阳村村委,农家书屋,9,间,
2520,23587,11226,朝阳村村委,农户养殖区,9,间,
2521,23595,11226,朝阳村村委,养殖区养猪厂,9,间,
2522,23593,11226,朝阳村村委,养殖区养羊厂,9,间,
2523,23581,11226,朝阳村村委,公共设施,12,套,
2524,23597,11226,朝阳村村委,村公共设施,12,套,
2525,26004,11226,朝阳村村委,村内道路,18,公里,
2526,23643,11229,杜村沟村村委,村室,7,间,
2527,23644,11229,杜村沟村村委,学校,8,间,
2528,23648,11229,杜村沟村村委,家具椅子,11,张,
2529,23646,11229,杜村沟村村委,办公家具沙发,11,套,
2530,23652,11229,杜村沟村村委,圆凳子,11,张,
2531,23650,11229,杜村沟村村委,办公桌,11,张,
2532,26020,11229,杜村沟村村委,凳子,11,套,
2533,23651,11229,杜村沟村村委,课桌,11,套,
2534,26019,11229,杜村沟村村委,村水泥路,18,公里,
2535,26612,11579,雪白村村委,村委房屋,7,间,雪白村
2536,26613,11579,雪白村村委,旧村室,7,间,雪白村
2537,26614,11579,雪白村村委,办公设备,10,套,雪白村
2538,38124,11579,雪白村村委,会议桌,11,张,雪白村委
2539,38123,11579,雪白村村委,实木会议椅子,11,把,雪白村委
2540,38058,11579,雪白村村委,桌子,11,,雪白村室内
2541,38059,11579,雪白村村委,椅子,11,,雪白村室内
2542,38060,11579,雪白村村委,柜子,11,,雪白村室内
2543,26615,11579,雪白村村委,乒乓球案,12,付,雪白村
2544,26616,11579,雪白村村委,蓝球架,12,付,雪白村
2545,26624,11595,大水沟村村委,村委房屋,7,间,大水沟村
2546,26617,11595,大水沟村村委,教学楼,8,间,大水沟村
2547,26621,11595,大水沟村村委,书柜,10,个,大水沟村
2548,26618,11595,大水沟村村委,办公设备,10,套,大水沟村
2549,26623,11595,大水沟村村委,电脑,10,台,大水沟村
2550,38082,11595,大水沟村村委,办公桌,11,张,大水沟村委
2551,38083,11595,大水沟村村委,椅子,11,把,大水沟村委
2552,26620,11595,大水沟村村委,健身器材,12,套,大水沟村
2553,26619,11595,大水沟村村委,电视机,12,台,大水沟村
2554,26625,11595,大水沟村村委,人畜吃水管道,13,公里,大水沟村
2555,26622,11595,大水沟村村委,图书,18,个,大水沟村
2556,26626,11612,发科岭村村委,教学楼,8,平米,发科岭村
2557,37660,11612,发科岭村村委,打印机,10,台,发科岭村委
2558,38094,11612,发科岭村村委,空调,10,台,发科岭村委
2559,37659,11612,发科岭村村委,电脑,10,台,发科岭村委
2560,38165,11612,发科岭村村委,路灯,543,套,发科岭
2561,26627,11620,东段村村委,教学楼,8,间,东段村
2562,38061,11620,东段村村委,打印机,10,,段村村室
2563,38114,11620,东段村村委,台式电脑,10,台,东段村村委
2564,38173,11620,东段村村委,监控设备,10,,东段村
2565,26631,11620,东段村村委,沙发,11,套,东段村
2566,26628,11620,东段村村委,桌椅,11,套,东段村
2567,26629,11620,东段村村委,柜子,11,个,东段村
2568,38113,11620,东段村村委,2匹空调,11,台,东段村村委
2569,38112,11620,东段村村委,1.5匹空调,11,台,东段村村委
2570,38062,11620,东段村村委,电视机,12,套,段村村委
2571,26630,11620,东段村村委,电视机,12,台,东段村
2572,38172,11620,东段村村委,太阳能路灯,541,千米,东段村
2573,26650,11851,南坻坞村村委,文化大院,7,间,南坻坞村
2574,26648,11851,南坻坞村村委,教学楼,8,间,南坻坞村
2575,38092,11851,南坻坞村村委,空调,10,套,南坻坞村委
2576,38093,11851,南坻坞村村委,空调,10,套,南坻坞村委
2577,26654,11851,南坻坞村村委,电视机、电脑,10,台,南坻坞村
2578,26653,11851,南坻坞村村委,办公家具,11,套,南坻坞村
2579,26865,11851,南坻坞村村委,自来水管道,13,米,南坻坞村
2580,26864,11851,南坻坞村村委,自来水建水池,13,个,南坻坞村
2581,26658,11878,北坻坞村村委,教学楼,8,栋,北坻坞村
2582,38064,11878,北坻坞村村委,空调,10,,北坻坞村委
2583,26661,11878,北坻坞村村委,书柜,10,套,北坻坞村
2584,38065,11878,北坻坞村村委,电脑,10,,北坻坞村委
2585,38063,11878,北坻坞村村委,电视机,10,,北坻坞村委
2586,38066,11878,北坻坞村村委,打印机,10,,北坻坞村委
2587,26659,11878,北坻坞村村委,桌椅,11,套,北坻坞村
2588,26660,11878,北坻坞村村委,电视机,12,台,北坻坞村
2589,38169,11878,北坻坞村村委,文化大院,12,套,北坻坞村
2590,26666,11878,北坻坞村村委,吃水井项目,13,口,北坻坞村
2591,26664,11878,北坻坞村村委,图书,18,册,北坻坞村
2592,26668,11897,上西村村委,教学楼,8,间,上西村
2593,26671,11897,上西村村委,书柜,10,套,上西村
2594,38119,11897,上西村村委,打印机,10,台,上西村村委
2595,38070,11897,上西村村委,打字机及文字处理机,10,套,上西村村委
2596,38118,11897,上西村村委,电脑,10,台,上西村村委
2597,38068,11897,上西村村委,空调,11,套,上西村村委
2598,38117,11897,上西村村委,空调,11,台,上西村村委
2599,26670,11897,上西村村委,桌椅,11,套,上西村
2600,38120,11897,上西村村委,档案柜,11,个,上西村村委
2601,38170,11897,上西村村委,文件柜,11,套,
2602,38069,11897,上西村村委,电视机,12,,上西村村委
2603,26675,11897,上西村村委,图书,18,套,上西村
2604,26679,11898,高堂村村委,村委房屋,7,间,高堂村
2605,38166,11898,高堂村村委,村卫生室,9,平米,高堂村
2606,38072,11898,高堂村村委,电脑,10,套,高堂村委
2607,26689,11898,高堂村村委,书柜,10,个,高堂村
2608,38074,11898,高堂村村委,空调,10,个,高堂村委
2609,26681,11898,高堂村村委,桌椅,11,套,高堂村
2610,26685,11898,高堂村村委,电视机,12,台,高堂村
2611,38071,11898,高堂村村委,电视机,12,,高堂村委
2612,38073,11898,高堂村村委,数码一体机,12,,高堂村委
2613,26687,11898,高堂村村委,图书,18,个,高堂村
2614,26692,11904,台口村村委,村委房屋,7,间,台口村
2615,26697,11904,台口村村委,教学楼,8,间,台口村
2616,26695,11904,台口村村委,书柜,10,个,台口村
2617,26693,11904,台口村村委,办公设备,11,套,台口村
2618,26698,11904,台口村村委,桌椅,11,套,台口村
2619,38085,11904,台口村村委,会议桌,11,个,台口村委
2620,38091,11904,台口村村委,老板桌,11,个,台口村委
2621,38090,11904,台口村村委,办公沙发,11,套,台口村委
2622,38089,11904,台口村村委,小方登,11,个,台口村委
2623,38087,11904,台口村村委,弘形园桌,11,套,台口村委
2624,38084,11904,台口村村委,炭木办公椅,11,个,台口村委
2625,38086,11904,台口村村委,主席台桌,11,个,台口村委
2626,38088,11904,台口村村委,桌子,11,个,台口村委
2627,38081,11904,台口村村委,电视机,12,台,台口村委
2628,26694,11904,台口村村委,电视机,12,台,台口村
2629,26696,11904,台口村村委,图书,18,套,台口村
2630,38171,11904,台口村村委,道路,543,,台口村
2631,22797,13728,陈村村委,老村委办公楼,7,间,陈村乡陈村村
2632,22804,13728,陈村村委,文化大院,7,间,陈村乡陈村村
2633,22807,13728,陈村村委,教学楼,8,间,陈村乡陈村村
2634,22827,13728,陈村村委,电视机、电脑、电风扇、电暖气,10,台,陈村乡陈村村
2635,22812,13728,陈村村委,沙发、办公桌、桌子、椅子、档案柜,11,套,陈村乡陈村村
2636,22793,13728,陈村村委,办公家具,11,套,陈村乡陈村村
2637,22820,13728,陈村村委,阅览桌、报纸架、书籍等,12,件,阅览桌、报纸架、书籍等
