"   ","SHOPID","SHOPCODE","SHOPNAME","SHOPTYPE","PARENTID","ISUSED","MEMO","ONLYSHOP"
"1","8089","107","渑池","1","-1","T","",""
"2","8091","107001","城关镇","2","8089","T","",""
"3","10511","107001001","东关村","3","8091","T","",""
"4","10512","107001001001","东关村委","4","10511","T","",""
"5","10518","107001001002","东关一组","4","10511","T","",""
"6","10688","107001001003","东关二组","4","10511","T","",""
"7","10690","107001001004","东关三组","4","10511","T","",""
"8","10692","107001001005","东关四组","4","10511","T","",""
"9","10695","107001001006","东关五（1）组","4","10511","T","",""
"10","10697","107001001007","东关五（2）组","4","10511","T","",""
"11","10698","107001001008","东关六组","4","10511","T","",""
"12","10699","107001001009","东关七组","4","10511","T","",""
"13","10703","107001001010","东关八组","4","10511","T","",""
"14","10704","107001001011","东关九组","4","10511","T","",""
"15","10708","107001001012","东关十组","4","10511","T","",""
"16","10710","107001001013","东关十一组","4","10511","T","",""
"17","10532","107001002","西关村","3","8091","T","",""
"18","10714","107001002001","西关村委","4","10532","T","",""
"19","10715","107001002002","西关一组","4","10532","T","",""
"20","10716","107001002003","西关二组","4","10532","T","",""
"21","10719","107001002004","西关三组","4","10532","T","",""
"22","10720","107001002005","西关四组","4","10532","T","",""
"23","10721","107001002006","西关五组","4","10532","T","",""
"24","10723","107001002007","西关六组","4","10532","T","",""
"25","10724","107001002008","西关七组","4","10532","T","",""
"26","10726","107001002009","西关八组","4","10532","T","",""
"27","10727","107001002010","西关九组","4","10532","T","",""
"28","10728","107001002011","西关十组","4","10532","T","",""
"29","10730","107001002012","西关十一组","4","10532","T","",""
"30","10732","107001002013","西关十二组","4","10532","T","",""
"31","10733","107001002014","西关十三组","4","10532","T","",""
"32","10735","107001002015","西关十四组","4","10532","T","",""
"33","10741","107001002016","西关十五组","4","10532","T","",""
"34","10533","107001003","南街村","3","8091","T","",""
"35","10745","107001003001","南街村委","4","10533","T","",""
"36","10747","107001003002","南街一组","4","10533","T","",""
"37","10749","107001003003","南街二组","4","10533","T","",""
"38","10751","107001003004","南街三组","4","10533","T","",""
"39","10753","107001003005","南街四（1）组","4","10533","T","",""
"40","10754","107001003006","南街四（2）组","4","10533","T","",""
"41","10534","107001004","北街村","3","8091","T","",""
"42","10757","107001004001","北街村委","4","10534","T","",""
"43","10758","107001004002","北街一组","4","10534","T","",""
"44","10760","107001004003","北街二组","4","10534","T","",""
"45","10761","107001004004","北街三组","4","10534","T","",""
"46","10762","107001004005","北街四组","4","10534","T","",""
"47","10763","107001004006","北街五组","4","10534","T","",""
"48","10764","107001004007","北街六组","4","10534","T","",""
"49","10765","107001004008","北街七组","4","10534","T","",""
"50","10535","107001005","一里河村","3","8091","T","",""
"51","10766","107001005001","一里河村委","4","10535","T","",""
"52","10767","107001005002","一里河东组","4","10535","T","",""
"53","10769","107001005003","一里河西组","4","10535","T","",""
"54","10536","107001006","孟岭村","3","8091","T","",""
"55","10771","107001006001","孟岭村委","4","10536","T","",""
"56","10773","107001006002","野南组","4","10536","T","",""
"57","10774","107001006003","野北组","4","10536","T","",""
"58","10775","107001006004","关南组","4","10536","T","",""
"59","10776","107001006005","关北组","4","10536","T","",""
"60","10777","107001006006","关东组","4","10536","T","",""
"61","10778","107001006007","关西组","4","10536","T","",""
"62","10779","107001006008","张南组","4","10536","T","",""
"63","10780","107001006009","张中组","4","10536","T","",""
"64","10781","107001006010","张北组","4","10536","T","",""
"65","10782","107001006011","五南组","4","10536","T","",""
"66","10784","107001006012","五北组","4","10536","T","",""
"67","10785","107001006013","南寨组","4","10536","T","",""
"68","10537","107001007","塔泥村","3","8091","T","",""
"69","10786","107001007001","洞耳组","4","10537","T","",""
"70","10787","107001007002","塔东组","4","10537","T","",""
"71","10788","107001007003","塔北组","4","10537","T","",""
"72","10789","107001007004","塔南组","4","10537","T","",""
"73","10790","107001007005","杜东组","4","10537","T","",""
"74","10791","107001007006","杜五户组","4","10537","T","",""
"75","10792","107001007007","杜中组","4","10537","T","",""
"76","10793","107001007008","杜西组","4","10537","T","",""
"77","10794","107001007009","段家洼组","4","10537","T","",""
"78","10796","107001007010","西河组","4","10537","T","",""
"79","10797","107001007011","新房组","4","10537","T","",""
"80","10799","107001007012","马家洼组","4","10537","T","",""
"81","10800","107001007013","十里铺组","4","10537","T","",""
"82","10802","107001007014","北高店组","4","10537","T","",""
"83","10806","107001007015","塔泥村委","4","10537","T","",""
"84","10538","107001008","苏湾村","3","8091","T","",""
"85","10807","107001008001","苏湾村委","4","10538","T","",""
"86","10810","107001008002","高一组","4","10538","T","",""
"87","10813","107001008003","高二组","4","10538","T","",""
"88","10814","107001008004","高三组","4","10538","T","",""
"89","10816","107001008005","高四组","4","10538","T","",""
"90","10817","107001008006","苏南组","4","10538","T","",""
"91","10820","107001008007","苏北组","4","10538","T","",""
"92","10821","107001008008","范上组","4","10538","T","",""
"93","10823","107001008009","范下组","4","10538","T","",""
"94","10824","107001008010","菜元组","4","10538","T","",""
"95","10825","107001008011","铁索沟组","4","10538","T","",""
"96","10828","107001008012","南高店组","4","10538","T","",""
"97","10540","107001009","峪沟村","3","8091","T","",""
"98","10832","107001009001","峪沟村委","4","10540","T","",""
"99","10834","107001009002","峪沟一组","4","10540","T","",""
"100","10836","107001009003","峪沟二组","4","10540","T","",""
"101","10838","107001009004","峪沟三组","4","10540","T","",""
"102","10840","107001009005","峪沟四组","4","10540","T","",""
"103","10841","107001009006","峪沟五组","4","10540","T","",""
"104","10843","107001009007","峪沟六组","4","10540","T","",""
"105","10844","107001009008","峪沟七组","4","10540","T","",""
"106","10846","107001009009","峪沟八组","4","10540","T","",""
"107","10544","107001010","西河南村","3","8091","T","",""
"108","10849","107001010001","东一组","4","10544","T","",""
"109","10851","107001010002","东二组","4","10544","T","",""
"110","10853","107001010003","东三组","4","10544","T","",""
"111","10855","107001010004","西组","4","10544","T","",""
"112","10856","107001010005","北组","4","10544","T","",""
"113","10857","107001010006","南组","4","10544","T","",""
"114","10858","107001010007","上沟组","4","10544","T","",""
"115","10860","107001010008","马坡组","4","10544","T","",""
"116","10862","107001010009","西河南村委","4","10544","T","",""
"117","10547","107001011","十里铺村","3","8091","T","",""
"118","10865","107001011001","十里铺村委","4","10547","T","",""
"119","10867","107001011002","韩家洼组","4","10547","T","",""
"120","10869","107001011003","安家门组","4","10547","T","",""
"121","10872","107001011004","张家门组","4","10547","T","",""
"122","10874","107001011005","南场东组","4","10547","T","",""
"123","10875","107001011006","南场西组","4","10547","T","",""
"124","10877","107001011007","下村组","4","10547","T","",""
"125","10879","107001011008","东场组","4","10547","T","",""
"126","10880","107001011009","上村东组","4","10547","T","",""
"127","10881","107001011010","上村西组","4","10547","T","",""
"128","10882","107001011011","西场组","4","10547","T","",""
"129","10549","107001012","李家洼村","3","8091","T","",""
"130","10912","107001012001","李家洼村委","4","10549","T","",""
"131","10916","107001012002","梅花沟东组","4","10549","T","",""
"132","10917","107001012003","梅花沟西组","4","10549","T","",""
"133","10919","107001012004","李家洼南组","4","10549","T","",""
"134","10922","107001012005","李家洼北组","4","10549","T","",""
"135","10925","107001012006","南窑东一组","4","10549","T","",""
"136","10926","107001012007","南窑东二组","4","10549","T","",""
"137","10929","107001012008","南窑西一组","4","10549","T","",""
"138","10931","107001012009","南窑西二组","4","10549","T","",""
"139","10550","107001013","班村村","3","8091","T","",""
"140","10938","107001013001","班村村委","4","10550","T","",""
"141","10939","107001013002","班村一组","4","10550","T","",""
"142","10940","107001013003","班村二组","4","10550","T","",""
"143","10941","107001013004","班村三组","4","10550","T","",""
"144","10942","107001013005","班村四组","4","10550","T","",""
"145","8093","107003","仰韶乡","2","8089","T","",""
"146","10553","107003001","西阳村","3","8093","T","",""
"147","10557","107003001001","西阳村委","4","10553","T","",""
"148","10696","107003001002","西阳一组","4","10553","T","",""
"149","10700","107003001003","西阳二组","4","10553","T","",""
"150","10705","107003001004","西阳三组","4","10553","T","",""
"151","10711","107003001005","西阳四组","4","10553","T","",""
"152","10736","107003001006","西阳五组","4","10553","T","",""
"153","10738","107003001007","西阳六组","4","10553","T","",""
"154","10740","107003001008","西阳七组","4","10553","T","",""
"155","10744","107003001009","西阳八组","4","10553","T","",""
"156","10750","107003001010","西阳九组","4","10553","T","",""
"157","10755","107003001011","西阳十组","4","10553","T","",""
"158","10574","107003002","高村村","3","8093","T","",""
"159","10578","107003002001","高村村委","4","10574","T","",""
"160","11148","107003002002","一组","4","10574","T","",""
"161","11149","107003002003","二组","4","10574","T","",""
"162","11151","107003002004","三组","4","10574","T","",""
"163","11152","107003002005","四组","4","10574","T","",""
"164","11154","107003002006","五组","4","10574","T","",""
"165","11155","107003002007","六组","4","10574","T","",""
"166","11156","107003002008","七组","4","10574","T","",""
"167","11157","107003002009","八组","4","10574","T","",""
"168","11158","107003002010","九组","4","10574","T","",""
"169","11160","107003002011","十组","4","10574","T","",""
"170","11162","107003002012","十一组","4","10574","T","",""
"171","10656","107003003","崇村村","3","8093","T","",""
"172","10668","107003003001","崇村村委","4","10656","T","",""
"173","11164","107003003002","一组","4","10656","T","",""
"174","11166","107003003003","二组","4","10656","T","",""
"175","11168","107003003004","三组","4","10656","T","",""
"176","11169","107003003005","四组","4","10656","T","",""
"177","11171","107003003006","五组","4","10656","T","",""
"178","11173","107003003007","六组","4","10656","T","",""
"179","11174","107003003008","七组","4","10656","T","",""
"180","11176","107003003009","八组","4","10656","T","",""
"181","11177","107003003010","九组","4","10656","T","",""
"182","11178","107003003011","十组","4","10656","T","",""
"183","11179","107003003012","十一组","4","10656","T","",""
"184","11180","107003003013","十二组","4","10656","T","",""
"185","11181","107003003014","十三组","4","10656","T","",""
"186","10682","107003004","张沟村","3","8093","T","",""
"187","10687","107003004001","张沟村委","4","10682","T","",""
"188","11183","107003004002","一组","4","10682","T","",""
"189","11184","107003004003","二组","4","10682","T","",""
"190","11186","107003004004","三组","4","10682","T","",""
"191","11188","107003004005","四组","4","10682","T","",""
"192","11190","107003004006","五组","4","10682","T","",""
"193","11192","107003004007","六组","4","10682","T","",""
"194","11193","107003004008","七组","4","10682","T","",""
"195","11194","107003004009","八组","4","10682","T","",""
"196","11195","107003004010","九组","4","10682","T","",""
"197","11196","107003004011","十组","4","10682","T","",""
"198","11197","107003004012","上沟组","4","10682","T","",""
"199","11198","107003004013","下沟组","4","10682","T","",""
"200","11199","107003004014","小院组","4","10682","T","",""
"201","11200","107003004015","上一组","4","10682","T","",""
"202","11201","107003004016","上二组","4","10682","T","",""
"203","11202","107003004017","南组","4","10682","T","",""
"204","10693","107003005","天桥村","3","8093","T","",""
"205","11055","107003005001","天桥村委","4","10693","T","",""
"206","11203","107003005002","崤南组","4","10693","T","",""
"207","11204","107003005003","崤北组","4","10693","T","",""
"208","11205","107003005004","庙后组","4","10693","T","",""
"209","11207","107003005005","东沟组","4","10693","T","",""
"210","11208","107003005006","天桥组","4","10693","T","",""
"211","10798","107003006","崔门村","3","8093","T","",""
"212","10801","107003006001","崔门村委","4","10798","T","",""
"213","11211","107003006002","西组","4","10798","T","",""
"214","11213","107003006003","南组","4","10798","T","",""
"215","11215","107003006004","东组","4","10798","T","",""
"216","11233","107003006005","王一组","4","10798","T","",""
"217","11234","107003006006","王二组","4","10798","T","",""
"218","11236","107003006007","西沟组","4","10798","T","",""
"219","11237","107003006008","南沟组","4","10798","T","",""
"220","11239","107003006009","槐树岭组","4","10798","T","",""
"221","10803","107003007","天坛村","3","8093","T","",""
"222","10805","107003007001","天坛村委","4","10803","T","",""
"223","11270","107003007002","南院组","4","10803","T","",""
"224","11271","107003007003","后门组","4","10803","T","",""
"225","11272","107003007004","二组","4","10803","T","",""
"226","11273","107003007005","沟东组","4","10803","T","",""
"227","11274","107003007006","沟西组","4","10803","T","",""
"228","11275","107003007007","三上组","4","10803","T","",""
"229","11276","107003007008","吴沟院","4","10803","T","",""
"230","11277","107003007009","后河组","4","10803","T","",""
"231","11278","107003007010","下南组","4","10803","T","",""
"232","11279","107003007011","上河组","4","10803","T","",""
"233","11280","107003007012","下北组","4","10803","T","",""
"234","10827","107003008","西天坛","3","8093","T","",""
"235","11056","107003008001","西天坛村委","4","10827","T","",""
"236","11281","107003008002","庙西组","4","10827","T","",""
"237","11282","107003008003","焦岭组","4","10827","T","",""
"238","11284","107003008004","史家坑","4","10827","T","",""
"239","11285","107003008005","沟西组","4","10827","T","",""
"240","11286","107003008006","沟东组","4","10827","T","",""
"241","11287","107003008007","鹰咀组","4","10827","T","",""
"242","11288","107003008008","阳坡岭组","4","10827","T","",""
"243","11003","107003009","贺滹沱","3","8093","T","",""
"244","11057","107003009001","贺滹沱村委","4","11003","T","",""
"245","11300","107003009002","一组","4","11003","T","",""
"246","11301","107003009003","二组","4","11003","T","",""
"247","11302","107003009004","三组","4","11003","T","",""
"248","11303","107003009005","四组","4","11003","T","",""
"249","11304","107003009006","五组","4","11003","T","",""
"250","11305","107003009007","六组","4","11003","T","",""
"251","11306","107003009008","七组","4","11003","T","",""
"252","11008","107003010","东阳村","3","8093","T","",""
"253","11058","107003010001","东阳村委","4","11008","T","",""
"254","11289","107003010002","一组","4","11008","T","",""
"255","11290","107003010003","二组","4","11008","T","",""
"256","11291","107003010004","三组","4","11008","T","",""
"257","11292","107003010005","四组","4","11008","T","",""
"258","11293","107003010006","五组","4","11008","T","",""
"259","11294","107003010007","六组","4","11008","T","",""
"260","11295","107003010008","七组","4","11008","T","",""
"261","11296","107003010009","八组","4","11008","T","",""
"262","11297","107003010010","九组","4","11008","T","",""
"263","11298","107003010011","十组","4","11008","T","",""
"264","11299","107003010012","十一组","4","11008","T","",""
"265","11011","107003011","中涧村","3","8093","T","",""
"266","11059","107003011001","中涧村委","4","11011","T","",""
"267","11240","107003011002","中一组","4","11011","T","",""
"268","11241","107003011003","中二组","4","11011","T","",""
"269","11242","107003011004","中三组","4","11011","T","",""
"270","11243","107003011005","南头组","4","11011","T","",""
"271","11244","107003011006","北头组","4","11011","T","",""
"272","11245","107003011007","下嘴组","4","11011","T","",""
"273","11246","107003011008","沟西组","4","11011","T","",""
"274","11247","107003011009","沟东组","4","11011","T","",""
"275","11248","107003011010","杨庄组","4","11011","T","",""
"276","11249","107003011011","上岭组","4","11011","T","",""
"277","11014","107003012","甘涧村","3","8093","T","",""
"278","11018","107003012001","甘涧村委","4","11014","T","",""
"279","11250","107003012002","一组","4","11014","T","",""
"280","11251","107003012003","二组","4","11014","T","",""
"281","11252","107003012004","三组","4","11014","T","",""
"282","11253","107003012005","四组","4","11014","T","",""
"283","11254","107003012006","五组","4","11014","T","",""
"284","11255","107003012007","六组","4","11014","T","",""
"285","11256","107003012008","七组","4","11014","T","",""
"286","11257","107003012009","八组","4","11014","T","",""
"287","11258","107003012010","九组","4","11014","T","",""
"288","11021","107003013","后涧村","3","8093","T","",""
"289","11060","107003013001","后涧村委","4","11021","T","",""
"290","11259","107003013002","杨家门","4","11021","T","",""
"291","11260","107003013003","岭东组","4","11021","T","",""
"292","11262","107003013004","石庙后","4","11021","T","",""
"293","11264","107003013005","侯家沟","4","11021","T","",""
"294","11265","107003013006","马上组","4","11021","T","",""
"295","11266","107003013007","马下组","4","11021","T","",""
"296","11267","107003013008","郭南组","4","11021","T","",""
"297","11268","107003013009","郭北组","4","11021","T","",""
"298","11269","107003013010","郭涧组","4","11021","T","",""
"299","11023","107003014","韶阳村","3","8093","T","",""
"300","11061","107003014001","韶阳村委","4","11023","T","",""
"301","11316","107003014002","一组","4","11023","T","",""
"302","11317","107003014003","二组","4","11023","T","",""
"303","11318","107003014004","三组","4","11023","T","",""
"304","11320","107003014005","四组","4","11023","T","",""
"305","11028","107003015","马岭村","3","8093","T","",""
"306","11062","107003015001","马岭村委","4","11028","T","",""
"307","11324","107003015002","上马岭西","4","11028","T","",""
"308","11326","107003015003","上马岭东","4","11028","T","",""
"309","11328","107003015004","上马岭北","4","11028","T","",""
"310","11336","107003015005","下马岭东","4","11028","T","",""
"311","11337","107003015006","下马岭西","4","11028","T","",""
"312","11338","107003015007","下马岭北","4","11028","T","",""
"313","11346","107003015008","洋河东","4","11028","T","",""
"314","11347","107003015009","洋河西","4","11028","T","",""
"315","11348","107003015010","洋河中","4","11028","T","",""
"316","11351","107003015011","关庄东","4","11028","T","",""
"317","11353","107003015012","关庄西","4","11028","T","",""
"318","11358","107003015013","关庄北","4","11028","T","",""
"319","11360","107003015014","下关庄","4","11028","T","",""
"320","11361","107003015015","北延","4","11028","T","",""
"321","11363","107003015016","南沟组","4","11028","T","",""
"322","11364","107003015017","西沟组","4","11028","T","",""
"323","11035","107003016","庄子村","3","8093","T","",""
"324","11063","107003016001","庄子村委","4","11035","T","",""
"325","11365","107003016002","杨东南","4","11035","T","",""
"326","11368","107003016003","杨西南","4","11035","T","",""
"327","11369","107003016004","庄","4","11035","T","",""
"328","11371","107003016005","兰沟","4","11035","T","",""
"329","11372","107003016006","南寨","4","11035","T","",""
"330","11555","107003016007","杨东北","4","11035","T","",""
"331","11557","107003016008","杨西北","4","11035","T","",""
"332","11038","107003017","刘果村","3","8093","T","",""
"333","11064","107003017001","刘果村委","4","11038","T","",""
"334","11378","107003017002","一组","4","11038","T","",""
"335","11379","107003017003","二组","4","11038","T","",""
"336","11380","107003017004","三组","4","11038","T","",""
"337","11382","107003017005","四组","4","11038","T","",""
"338","11384","107003017006","五组","4","11038","T","",""
"339","11040","107003018","仰韶村","3","8093","T","",""
"340","11065","107003018001","仰韶村委","4","11040","T","",""
"341","11496","107003018002","一组","4","11040","T","",""
"342","11497","107003018003","二组","4","11040","T","",""
"343","11499","107003018004","三组","4","11040","T","",""
"344","11500","107003018005","四组","4","11040","T","",""
"345","11501","107003018006","五组","4","11040","T","",""
"346","11502","107003018007","六组","4","11040","T","",""
"347","11503","107003018008","七组","4","11040","T","",""
"348","11504","107003018009","八组","4","11040","T","",""
"349","11505","107003018010","九组","4","11040","T","",""
"350","11508","107003018011","十组","4","11040","T","",""
"351","11046","107003019","阳光村","3","8093","T","",""
"352","11067","107003019001","阳光村委","4","11046","T","",""
"353","11386","107003019002","一组","4","11046","T","",""
"354","11387","107003019003","二组","4","11046","T","",""
"355","11389","107003019004","三组","4","11046","T","",""
"356","11390","107003019005","四组","4","11046","T","",""
"357","11392","107003019006","五组","4","11046","T","",""
"358","11393","107003019007","六组","4","11046","T","",""
"359","11395","107003019008","七组","4","11046","T","",""
"360","11047","107003020","礼庄寨","3","8093","T","",""
"361","11068","107003020001","礼庄寨村委","4","11047","T","",""
"362","11397","107003020002","一组","4","11047","T","",""
"363","11399","107003020003","二组","4","11047","T","",""
"364","11400","107003020004","三组","4","11047","T","",""
"365","11402","107003020005","沟东","4","11047","T","",""
"366","11403","107003020006","沟西","4","11047","T","",""
"367","11405","107003020007","城头","4","11047","T","",""
"368","11407","107003020008","寨沟","4","11047","T","",""
"369","11048","107003021","乐村村","3","8093","T","",""
"370","11069","107003021001","乐村村委","4","11048","T","",""
"371","11418","107003021002","一组","4","11048","T","",""
"372","11421","107003021003","二组","4","11048","T","",""
"373","11422","107003021004","三组","4","11048","T","",""
"374","11424","107003021005","四组","4","11048","T","",""
"375","11425","107003021006","五组","4","11048","T","",""
"376","11427","107003021007","六组","4","11048","T","",""
"377","11429","107003021008","七组","4","11048","T","",""
"378","11430","107003021009","八组","4","11048","T","",""
"379","11432","107003021010","九组","4","11048","T","",""
"380","11433","107003021011","十组","4","11048","T","",""
"381","11049","107003022","裴窑村","3","8093","T","",""
"382","11070","107003022001","裴窑村委","4","11049","T","",""
"383","11408","107003022002","一组","4","11049","T","",""
"384","11410","107003022003","二组","4","11049","T","",""
"385","11412","107003022004","三组","4","11049","T","",""
"386","11413","107003022005","四组","4","11049","T","",""
"387","11415","107003022006","五组","4","11049","T","",""
"388","11416","107003022007","六组","4","11049","T","",""
"389","11050","107003023","乔岭村","3","8093","T","",""
"390","11071","107003023001","乔岭村委","4","11050","T","",""
"391","11437","107003023002","一组","4","11050","T","",""
"392","11439","107003023003","二组","4","11050","T","",""
"393","11440","107003023004","三组","4","11050","T","",""
"394","11441","107003023005","四组","4","11050","T","",""
"395","11442","107003023006","五组","4","11050","T","",""
"396","11443","107003023007","六组","4","11050","T","",""
"397","11445","107003023008","七组","4","11050","T","",""
"398","11051","107003024","苏门村","3","8093","T","",""
"399","11054","107003024001","苏门村委","4","11051","T","",""
"400","11448","107003024002","安东","4","11051","T","",""
"401","11450","107003024003","安西","4","11051","T","",""
"402","11452","107003024004","曹东","4","11051","T","",""
"403","11455","107003024005","曹西","4","11051","T","",""
"404","11457","107003024006","东南","4","11051","T","",""
"405","11459","107003024007","东中","4","11051","T","",""
"406","11460","107003024008","东北","4","11051","T","",""
"407","11462","107003024009","西南","4","11051","T","",""
"408","11464","107003024010","西中","4","11051","T","",""
"409","11466","107003024011","西北","4","11051","T","",""
"410","11468","107003024012","任南","4","11051","T","",""
"411","11469","107003024013","任东","4","11051","T","",""
"412","11471","107003024014","任西","4","11051","T","",""
"413","11473","107003024015","任北","4","11051","T","",""
"414","11475","107003024016","关南","4","11051","T","",""
"415","11052","107003025","韶华村","3","8093","T","",""
"416","11053","107003025001","韶华村委","4","11052","T","",""
"417","11510","107003025002","一组","4","11052","T","",""
"418","11511","107003025003","二组","4","11052","T","",""
"419","11513","107003025004","三组","4","11052","T","",""
"420","11515","107003025005","四组","4","11052","T","",""
"421","11516","107003025006","五组","4","11052","T","",""
"422","11518","107003025007","六组","4","11052","T","",""
"423","8094","107004","果园乡","2","8089","T","",""
"424","10542","107004001","果园村","3","8094","T","",""
"425","10585","107004001001","果园村委","4","10542","T","",""
"426","10651","107004002","康洼村","3","8094","T","",""
"427","10661","107004002001","康洼村委","4","10651","T","",""
"428","10665","107004003","北平村","3","8094","T","",""
"429","10795","107004003001","北平村委","4","10665","T","",""
"430","10666","107004004","南平村","3","8094","T","",""
"431","10808","107004004001","南平村委","4","10666","T","",""
"432","10671","107004005","赵庄村","3","8094","T","",""
"433","10812","107004005001","赵庄村委","4","10671","T","",""
"434","10675","107004006","南庄村","3","8094","T","",""
"435","10822","107004006001","南庄村委","4","10675","T","",""
"436","10679","107004007","峪峒村","3","8094","T","",""
"437","10829","107004007001","峪峒村委","4","10679","T","",""
"438","10681","107004008","苏庄村","3","8094","T","",""
"439","10959","107004008001","苏庄村村委","4","10681","T","",""
"440","10684","107004009","段村村","3","8094","T","",""
"441","10960","107004009001","段村村委","4","10684","T","",""
"442","10686","107004010","安头村","3","8094","T","",""
"443","10961","107004010001","安头村委","4","10686","T","",""
"444","10689","107004011","杨村村","3","8094","T","",""
"445","10962","107004011001","杨村村委","4","10689","T","",""
"446","10691","107004012","牛玉村","3","8094","T","",""
"447","10963","107004012001","牛玉村委","4","10691","T","",""
"448","10694","107004013","耿村村","3","8094","T","",""
"449","10965","107004013001","耿村村委","4","10694","T","",""
"450","10701","107004014","八里村","3","8094","T","",""
"451","10969","107004014001","八里村委 ","4","10701","T","",""
"452","10707","107004015","东村村","3","8094","T","",""
"453","10972","107004015001","东村村委","4","10707","T","",""
"454","10712","107004016","孟村村","3","8094","T","",""
"455","10975","107004016001","孟村村委","4","10712","T","",""
"456","10713","107004017","涧北村","3","8094","T","",""
"457","10979","107004017001","涧北村委","4","10713","T","",""
"458","10717","107004018","涧新村","3","8094","T","",""
"459","10983","107004018001","涧新村委","4","10717","T","",""
"460","10718","107004019","展庄村","3","8094","T","",""
"461","10989","107004019001","展庄村委","4","10718","T","",""
"462","10722","107004020","孟家村","3","8094","T","",""
"463","10997","107004020001","孟家村委","4","10722","T","",""
"464","10725","107004021","刘窑村","3","8094","T","",""
"465","10993","107004021001","刘窑村委","4","10725","T","",""
"466","10729","107004022","石堆村","3","8094","T","",""
"467","10999","107004022001","石堆村委","4","10729","T","",""
"468","10731","107004023","西村村","3","8094","T","",""
"469","11002","107004023001","西村村委","4","10731","T","",""
"470","10734","107004024","石沟村","3","8094","T","",""
"471","11005","107004024001","石沟村委","4","10734","T","",""
"472","10737","107004025","下庄村","3","8094","T","",""
"473","11010","107004025001","下庄村委","4","10737","T","",""
"474","10739","107004026","太平村","3","8094","T","",""
"475","11015","107004026001","太平村委","4","10739","T","",""
"476","10742","107004027","西坡村","3","8094","T","",""
"477","11019","107004027001","西坡村委","4","10742","T","",""
"478","10743","107004028","毛沟村","3","8094","T","",""
"479","11024","107004028001","毛沟村委","4","10743","T","",""
"480","10746","107004029","窑屋村","3","8094","T","",""
"481","11027","107004029001","窑屋村委","4","10746","T","",""
"482","10748","107004030","刘头村","3","8094","T","",""
"483","11032","107004030001","刘头村委","4","10748","T","",""
"484","10752","107004031","李家村","3","8094","T","",""
"485","11034","107004031001","李家村委","4","10752","T","",""
"486","10756","107004032","杜寺村","3","8094","T","",""
"487","11036","107004032001","杜寺村委","4","10756","T","",""
"488","10759","107004033","杜家村","3","8094","T","",""
"489","11037","107004033001","杜家村委","4","10759","T","",""
"490","10768","107004034","东岭村","3","8094","T","",""
"491","11043","107004034001","东岭村委","4","10768","T","",""
"492","10770","107004035","路村村","3","8094","T","",""
"493","11045","107004035001","路村村委","4","10770","T","",""
"494","8095","107005","天池镇","2","8089","T","",""
"495","10935","107005001","西天池村","3","8095","T","",""
"496","10943","107005001001","西天池村村委","4","10935","T","",""
"497","10944","107005002","东天池村","3","8095","T","",""
"498","10945","107005002001","东天池村村委","4","10944","T","",""
"499","10946","107005003","陶村","3","8095","T","",""
"500","10947","107005003001","陶村村委","4","10946","T","",""
"501","11073","107005004","宋沟村","3","8095","T","",""
"502","11074","107005004001","宋沟村村委","4","11073","T","",""
"503","11075","107005005","东坡头村","3","8095","T","",""
"504","11076","107005005001","东坡头村村委","4","11075","T","",""
"505","11130","107005006","马沟村","3","8095","T","",""
"506","11131","107005006001","马沟村村委","4","11130","T","",""
"507","11132","107005007","杨大池村","3","8095","T","",""
"508","11133","107005007001","杨大池村村委","4","11132","T","",""
"509","11134","107005008","堡南村","3","8095","T","",""
"510","11135","107005008001","堡南村村委","4","11134","T","",""
"511","11136","107005009","水泉洼村","3","8095","T","",""
"512","11137","107005009001","水泉洼村村委","4","11136","T","",""
"513","11138","107005010","下马延村","3","8095","T","",""
"514","11139","107005010001","下马延村村委","4","11138","T","",""
"515","11140","107005011","杨村村","3","8095","T","",""
"516","11141","107005011001","杨村村村委","4","11140","T","",""
"517","11142","107005012","芮沟村","3","8095","T","",""
"518","11143","107005012001","芮沟村村委","4","11142","T","",""
"519","11144","107005013","张大池村","3","8095","T","",""
"520","11145","107005013001","张大池村村委","4","11144","T","",""
"521","11146","107005014","竹峪村","3","8095","T","",""
"522","11147","107005014001","竹峪村村委","4","11146","T","",""
"523","11150","107005015","龙潭沟村","3","8095","T","",""
"524","11153","107005015001","龙潭沟村村委","4","11150","T","",""
"525","11159","107005016","三九沟村","3","8095","T","",""
"526","11161","107005016001","三九沟村村委","4","11159","T","",""
"527","11163","107005017","陈沟村","3","8095","T","",""
"528","11165","107005017001","陈沟村村委","4","11163","T","",""
"529","11167","107005018","张吕村","3","8095","T","",""
"530","11170","107005018001","张吕村村委","4","11167","T","",""
"531","11172","107005019","南昌村","3","8095","T","",""
"532","11175","107005019001","南昌村村委","4","11172","T","",""
"533","11182","107005020","鹿寺村","3","8095","T","",""
"534","11185","107005020001","鹿寺村村委","4","11182","T","",""
"535","11187","107005021","藕池村","3","8095","T","",""
"536","11189","107005021001","藕池村村委","4","11187","T","",""
"537","11191","107005022","南涧村","3","8095","T","",""
"538","11206","107005022001","南涧村村委","4","11191","T","",""
"539","11209","107005023","西元村","3","8095","T","",""
"540","11210","107005023001","西元村村委","4","11209","T","",""
"541","11212","107005024","笃忠村","3","8095","T","",""
"542","11214","107005024001","笃忠村村委","4","11212","T","",""
"543","11216","107005025","贾沟村","3","8095","T","",""
"544","11217","107005025001","贾沟村村委","4","11216","T","",""
"545","11218","107005026","桐树沟村","3","8095","T","",""
"546","11219","107005026001","桐树沟村村委","4","11218","T","",""
"547","11221","107005027","石泉村","3","8095","T","",""
"548","11222","107005027001","石泉村村委","4","11221","T","",""
"549","11224","107005028","朝阳村","3","8095","T","",""
"550","11226","107005028001","朝阳村村委","4","11224","T","",""
"551","11228","107005029","杜村沟村","3","8095","T","",""
"552","11229","107005029001","杜村沟村村委","4","11228","T","",""
"553","8096","107006","洪阳镇","2","8089","T","",""
"554","10526","107006001","上洪阳村","3","8096","T","",""
"555","10643","107006001003","上洪阳村委","4","10526","T","",""
"556","11367","107006001004","上洪阳村一组","4","10526","T","",""
"557","11374","107006001005","上洪阳村二组","4","10526","T","",""
"558","11375","107006001006","上洪阳村三组","4","10526","T","",""
"559","11377","107006001007","上洪阳村四组","4","10526","T","",""
"560","11381","107006001008","上洪阳村五组","4","10526","T","",""
"561","11385","107006001009","上洪阳村六组","4","10526","T","",""
"562","11388","107006001010","上洪阳村七组","4","10526","T","",""
"563","11391","107006001011","上洪阳村八组","4","10526","T","",""
"564","11394","107006001012","上洪阳村九组","4","10526","T","",""
"565","11396","107006001013","上洪阳村十组","4","10526","T","",""
"566","11398","107006001014","上洪阳村十一组","4","10526","T","",""
"567","10531","107006002","东洪阳村","3","8096","T","",""
"568","10640","107006002002","东洪阳村委","4","10531","T","",""
"569","11414","107006002003","东洪阳村一组","4","10531","T","",""
"570","11420","107006002004","东洪阳村二组","4","10531","T","",""
"571","11423","107006002005","东洪阳村三组","4","10531","T","",""
"572","11428","107006002006","东洪阳村四组","4","10531","T","",""
"573","11431","107006002007","东洪阳村五组","4","10531","T","",""
"574","11435","107006002008","东洪阳村六组","4","10531","T","",""
"575","11436","107006002009","东洪阳村七组","4","10531","T","",""
"576","10539","107006003","崤店村","3","8096","T","",""
"577","10657","107006003001","崤店村委","4","10539","T","",""
"578","11506","107006003002","崤店村一组","4","10539","T","",""
"579","11509","107006003003","崤店村二组","4","10539","T","",""
"580","11512","107006003004","崤店村三组","4","10539","T","",""
"581","11514","107006003005","崤店村四组","4","10539","T","",""
"582","11517","107006003006","崤店村五组","4","10539","T","",""
"583","11519","107006003007","崤店村六组","4","10539","T","",""
"584","11520","107006003008","崤店村七组","4","10539","T","",""
"585","11521","107006003009","崤店村八组","4","10539","T","",""
"586","11522","107006003010","崤店村九组","4","10539","T","",""
"587","11523","107006003011","崤店村十组","4","10539","T","",""
"588","11525","107006003012","崤店村十一组","4","10539","T","",""
"589","11526","107006003013","崤店村十二组","4","10539","T","",""
"590","10551","107006004","堡后村","3","8096","T","",""
"591","10660","107006004001","堡后村委","4","10551","T","",""
"592","11528","107006004002","堡后村一组","4","10551","T","",""
"593","11530","107006004003","堡后村二组","4","10551","T","",""
"594","11531","107006004004","堡后村三组","4","10551","T","",""
"595","11532","107006004005","堡后村四组","4","10551","T","",""
"596","11533","107006004006","堡后村五组","4","10551","T","",""
"597","11534","107006004007","堡后村六组","4","10551","T","",""
"598","10554","107006005","义昌村","3","8096","T","",""
"599","10663","107006005001","义昌村委","4","10554","T","",""
"600","11535","107006005002","义昌村一一组","4","10554","T","",""
"601","11536","107006005003","义昌村一二组","4","10554","T","",""
"602","11537","107006005004","义昌村二组","4","10554","T","",""
"603","11538","107006005005","义昌村三组","4","10554","T","",""
"604","11539","107006005006","义昌村四组","4","10554","T","",""
"605","11540","107006005007","义昌村五组","4","10554","T","",""
"606","11541","107006005008","义昌村六组","4","10554","T","",""
"607","11542","107006005009","义昌村七组","4","10554","T","",""
"608","11543","107006005010","义昌村八一组","4","10554","T","",""
"609","11544","107006005011","义昌村八二组","4","10554","T","",""
"610","11545","107006005012","义昌村九组","4","10554","T","",""
"611","11546","107006005013","义昌村十组","4","10554","T","",""
"612","11547","107006005014","义昌村十一组","4","10554","T","",""
"613","11548","107006005015","义昌村十二组","4","10554","T","",""
"614","11549","107006005016","义昌村十三组","4","10554","T","",""
"615","11550","107006005017","义昌村十四组","4","10554","T","",""
"616","10563","107006006","刘村村","3","8096","T","",""
"617","10669","107006006001","刘村村委","4","10563","T","",""
"618","11446","107006006002","刘村村一组","4","10563","T","",""
"619","11447","107006006003","刘村村二组","4","10563","T","",""
"620","11449","107006006004","刘村村三组","4","10563","T","",""
"621","11451","107006006005","刘村村四组","4","10563","T","",""
"622","11454","107006006006","刘村村五组","4","10563","T","",""
"623","11456","107006006007","刘村村六组","4","10563","T","",""
"624","11458","107006006008","刘村村七组","4","10563","T","",""
"625","11461","107006006009","刘村村八组","4","10563","T","",""
"626","11463","107006006010","刘村村九组","4","10563","T","",""
"627","11465","107006006011","刘村村十组","4","10563","T","",""
"628","10586","107006007","雷沟村","3","8096","T","",""
"629","10672","107006007001","雷沟村委","4","10586","T","",""
"630","11345","107006007002","雷沟村第一组","4","10586","T","",""
"631","11349","107006007003","雷沟村第二组","4","10586","T","",""
"632","11350","107006007004","雷沟村第三组","4","10586","T","",""
"633","11352","107006007005","雷沟村第四组","4","10586","T","",""
"634","11354","107006007006","雷沟村第五组","4","10586","T","",""
"635","11355","107006007007","雷沟村第六组","4","10586","T","",""
"636","11357","107006007008","雷沟村第七组","4","10586","T","",""
"637","10591","107006008","北沟村","3","8096","T","",""
"638","10674","107006008001","北沟村委","4","10591","T","",""
"639","11339","107006008002","北沟村第一组","4","10591","T","",""
"640","11340","107006008003","北沟村第二组","4","10591","T","",""
"641","11341","107006008004","北沟村第三组","4","10591","T","",""
"642","11342","107006008005","北沟村第四组","4","10591","T","",""
"643","11343","107006008006","北沟村第五组","4","10591","T","",""
"644","11344","107006008007","北沟村第六组","4","10591","T","",""
"645","10596","107006009","德厚村","3","8096","T","",""
"646","10677","107006009001","德厚村委","4","10596","T","",""
"647","11323","107006009002","德厚村第一组","4","10596","T","",""
"648","11325","107006009003","德厚村第二组","4","10596","T","",""
"649","11327","107006009004","德厚村第三组","4","10596","T","",""
"650","11329","107006009005","德厚村第四组","4","10596","T","",""
"651","11330","107006009006","德厚村第五组","4","10596","T","",""
"652","11331","107006009007","德厚村第六组","4","10596","T","",""
"653","11332","107006009008","德厚村第七组","4","10596","T","",""
"654","11333","107006009009","德厚村第八组","4","10596","T","",""
"655","11334","107006009010","德厚村第九组","4","10596","T","",""
"656","11335","107006009011","德厚村第十组","4","10596","T","",""
"657","10599","107006010","上庄村","3","8096","T","",""
"658","10678","107006010001","上庄村委","4","10599","T","",""
"659","11307","107006010002","上庄村第一组","4","10599","T","",""
"660","11308","107006010003","上庄村第二组","4","10599","T","",""
"661","11309","107006010004","上庄村第三组","4","10599","T","",""
"662","11310","107006010005","上庄村第四组","4","10599","T","",""
"663","11311","107006010006","上庄村第五组","4","10599","T","",""
"664","10603","107006011","石盆村","3","8096","T","",""
"665","10680","107006011001","石盆村委","4","10603","T","",""
"666","11313","107006011002","石盆村第一组","4","10603","T","",""
"667","11314","107006011003","石盆村第二组","4","10603","T","",""
"668","11315","107006011004","石盆村第三组","4","10603","T","",""
"669","10610","107006012","柳庄村","3","8096","T","",""
"670","10683","107006012001","柳庄村委","4","10610","T","",""
"671","11480","107006012002","柳庄村张沟组","4","10610","T","",""
"672","11482","107006012003","柳庄村罗沟组","4","10610","T","",""
"673","11484","107006012004","柳庄村柳庄组","4","10610","T","",""
"674","11486","107006012005","柳庄村马沟组","4","10610","T","",""
"675","11488","107006012006","柳庄村岳家组","4","10610","T","",""
"676","11490","107006012007","柳庄村东上庄组","4","10610","T","",""
"677","11492","107006012008","柳庄村节庄组","4","10610","T","",""
"678","11494","107006012009","柳庄村裴坑组","4","10610","T","",""
"679","11495","107006012010","柳庄村杨庄组","4","10610","T","",""
"680","11498","107006012011","柳庄村段庄组","4","10610","T","",""
"681","10617","107006013","吴庄村","3","8096","T","",""
"682","10685","107006013001","吴庄村委","4","10617","T","",""
"683","11556","107006013002","吴庄村西西组","4","10617","T","",""
"684","11558","107006013003","吴庄村杜沟组","4","10617","T","",""
"685","11559","107006013004","吴庄村邓南组","4","10617","T","",""
"686","11560","107006013005","吴庄村邓北组","4","10617","T","",""
"687","11561","107006013006","吴庄村陈庄组","4","10617","T","",""
"688","11562","107006013007","吴庄村段家沟组","4","10617","T","",""
"689","11563","107006013008","吴庄村东组","4","10617","T","",""
"690","11564","107006013009","吴庄村南组","4","10617","T","",""
"691","11565","107006013010","吴庄村石洼沟组","4","10617","T","",""
"692","11566","107006013011","吴庄村西组","4","10617","T","",""
"693","10702","107006014","赵窑村","3","8096","T","",""
"694","10706","107006014001","赵窑村委","4","10702","T","",""
"695","11470","107006014002","赵窑村一组","4","10702","T","",""
"696","11474","107006014003","赵窑村二组","4","10702","T","",""
"697","11476","107006014004","赵窑村三组","4","10702","T","",""
"698","11477","107006014005","赵窑村四组","4","10702","T","",""
"699","10937","107006015","胡坑村","3","8096","T","",""
"700","10949","107006015001","胡坑村委","4","10937","T","",""
"701","11283","107006015002","胡坑村一组","4","10937","T","",""
"702","11551","107006015003","胡坑村二组","4","10937","T","",""
"703","11552","107006015004","胡坑村三组","4","10937","T","",""
"704","11553","107006015005","胡坑村四组","4","10937","T","",""
"705","11554","107006015006","胡坑村五组","4","10937","T","",""
"706","8097","107007","仁村乡","2","8089","T","",""
"707","10564","107007001","东张村","3","8097","T","",""
"708","10579","107007001001","东张村村委","4","10564","T","",""
"709","10598","107007001002","东张村一组","4","10564","T","",""
"710","10614","107007001003","东张村二组","4","10564","T","",""
"711","11220","107007001004","东张村三组","4","10564","T","",""
"712","11223","107007001005","东张村四组","4","10564","T","",""
"713","11225","107007001006","东张村五组","4","10564","T","",""
"714","11227","107007001007","东张村六组","4","10564","T","",""
"715","11230","107007001008","东张村七组","4","10564","T","",""
"716","11231","107007001009","东张村八组","4","10564","T","",""
"717","11232","107007001010","东张村九组","4","10564","T","",""
"718","11235","107007001011","东张村十组","4","10564","T","",""
"719","11238","107007001012","东张村十一组","4","10564","T","",""
"720","10772","107007002","蟠桃村","3","8097","T","",""
"721","10783","107007002001","蟠桃村委","4","10772","T","",""
"722","11261","107007002002","蟠桃村蟠西组","4","10772","T","",""
"723","11263","107007002003","蟠桃村蟠东组","4","10772","T","",""
"724","11312","107007002004","蟠桃村东坡组","4","10772","T","",""
"725","11319","107007002005","蟠桃村徐南组","4","10772","T","",""
"726","11356","107007002006","蟠桃村徐北组","4","10772","T","",""
"727","11362","107007002007","蟠桃村东庄","4","10772","T","",""
"728","11366","107007002008","蟠桃村场房组","4","10772","T","",""
"729","11370","107007002009","蟠桃村店前组","4","10772","T","",""
"730","11373","107007002010","蟠桃村露水源组","4","10772","T","",""
"731","11376","107007002011","蟠桃村店西组","4","10772","T","",""
"732","11383","107007002012","蟠桃村店东组","4","10772","T","",""
"733","10837","107007003","仁村村","3","8097","T","",""
"734","10871","107007003001","仁村村委","4","10837","T","",""
"735","10878","107007003002","仁村村一组","4","10837","T","",""
"736","11401","107007003003","仁村村二组","4","10837","T","",""
"737","11404","107007003004","仁村村三组","4","10837","T","",""
"738","11406","107007003005","仁村村四组","4","10837","T","",""
"739","11409","107007003006","仁村村五组","4","10837","T","",""
"740","11411","107007003007","仁村村六组","4","10837","T","",""
"741","11417","107007003008","仁村村七组","4","10837","T","",""
"742","11419","107007003009","仁村村八组","4","10837","T","",""
"743","11426","107007003010","仁村村九组","4","10837","T","",""
"744","11434","107007003011","仁村村柱沟组","4","10837","T","",""
"745","11438","107007003012","仁村村南南组","4","10837","T","",""
"746","11444","107007003013","仁村村南西组","4","10837","T","",""
"747","11453","107007003014","仁村村南东组","4","10837","T","",""
"748","11467","107007003015","仁村村贺东及寨沟","4","10837","T","",""
"749","11472","107007003016","仁村村贺西组","4","10837","T","",""
"750","11478","107007003017","仁村村龚石门组","4","10837","T","",""
"751","10842","107007004","杨河村","3","8097","T","",""
"752","11007","107007004001","杨河村委","4","10842","T","",""
"753","11481","107007004002","杨河村下河沟组","4","10842","T","",""
"754","11483","107007004003","杨河村中河沟组","4","10842","T","",""
"755","11485","107007004004","杨河村南沟组","4","10842","T","",""
"756","11487","107007004005","杨河村礼沟组","4","10842","T","",""
"757","11489","107007004006","杨河村田家组","4","10842","T","",""
"758","11491","107007004007","杨河村西组","4","10842","T","",""
"759","11493","107007004008","杨河村杨河组","4","10842","T","",""
"760","11507","107007004009","杨河村柿沟组","4","10842","T","",""
"761","11524","107007004010","杨河村武岭组","4","10842","T","",""
"762","11527","107007004011","杨河村尤家组","4","10842","T","",""
"763","11529","107007004012","杨河村后地组","4","10842","T","",""
"764","10848","107007005","红花窝村 ","3","8097","T","",""
"765","11017","107007005001","红花窝村委 ","4","10848","T","",""
"766","11567","107007005002","红花窝村上河组","4","10848","T","",""
"767","11568","107007005003","红花窝村山木拐组","4","10848","T","",""
"768","11569","107007005004","红花窝村水鱼山组","4","10848","T","",""
"769","11570","107007005005","红花窝村车道湾组","4","10848","T","",""
"770","11571","107007005006","红花窝村马头寺组","4","10848","T","",""
"771","11572","107007005007","红花窝村红花窝组","4","10848","T","",""
"772","11573","107007005008","红花窝村石板沟组","4","10848","T","",""
"773","11574","107007005009","红花窝村西坡组","4","10848","T","",""
"774","11575","107007005010","红花窝村温庄组","4","10848","T","",""
"775","11576","107007005011","红花窝村孟家组","4","10848","T","",""
"776","11577","107007005012","红花窝村礼沟组","4","10848","T","",""
"777","11578","107007005013","红花窝村黑岸沟组","4","10848","T","",""
"778","10864","107007006","雪白村","3","8097","T","",""
"779","11579","107007006001","雪白村村委","4","10864","T","",""
"780","11580","107007006002","雪白村竹元沟组","4","10864","T","",""
"781","11581","107007006003","雪白村上河组","4","10864","T","",""
"782","11582","107007006004","雪白村雪白组","4","10864","T","",""
"783","11583","107007006005","雪白村梭子沟组","4","10864","T","",""
"784","11584","107007006006","雪白村碾东组","4","10864","T","",""
"785","11585","107007006007","雪白村碾北组","4","10864","T","",""
"786","11586","107007006008","雪白村碾南组","4","10864","T","",""
"787","11587","107007006009","雪白村上沟组","4","10864","T","",""
"788","11588","107007006010","雪白村下沟组","4","10864","T","",""
"789","11589","107007006011","雪白村大木场组","4","10864","T","",""
"790","11590","107007006012","雪白村马东组","4","10864","T","",""
"791","11591","107007006013","雪白村方家组","4","10864","T","",""
"792","11593","107007006014","雪白村马中组","4","10864","T","",""
"793","11594","107007006015","雪白村马西组","4","10864","T","",""
"794","10948","107007007","大水沟村","3","8097","T","",""
"795","11595","107007007001","大水沟村村委","4","10948","T","",""
"796","11597","107007007002","大水沟村槐疙瘩组","4","10948","T","",""
"797","11598","107007007003","大水沟村前沟组","4","10948","T","",""
"798","11599","107007007004","大水沟村后沟组","4","10948","T","",""
"799","11600","107007007005","大水沟村十三洼组","4","10948","T","",""
"800","11601","107007007006","大水沟村上坛坝组","4","10948","T","",""
"801","11602","107007007007","大水沟村下坛坝组","4","10948","T","",""
"802","11603","107007007008","大水沟村东河组","4","10948","T","",""
"803","11604","107007007009","大水沟村长沟组","4","10948","T","",""
"804","11605","107007007010","大水沟村西沟组","4","10948","T","",""
"805","11606","107007007011","大水沟村寺坡组","4","10948","T","",""
"806","11608","107007007012","大水沟村高崖组","4","10948","T","",""
"807","10950","107007008","发科岭村 ","3","8097","T","",""
"808","11612","107007008001","发科岭村村委","4","10950","T","",""
"809","11614","107007008002","发科岭村七组","4","10950","T","",""
"810","11615","107007008003","发科岭村八组","4","10950","T","",""
"811","11617","107007008004","发科岭村九组","4","10950","T","",""
"812","11618","107007008005","发科岭村十组","4","10950","T","",""
"813","10953","107007009","东段村","3","8097","T","",""
"814","11620","107007009001","东段村村委","4","10953","T","",""
"815","11622","107007009002","东段村一组","4","10953","T","",""
"816","11624","107007009003","东段村二组","4","10953","T","",""
"817","11626","107007009004","东段村三组","4","10953","T","",""
"818","11627","107007009005","东段村四组","4","10953","T","",""
"819","11628","107007009006","东段村五组","4","10953","T","",""
"820","11629","107007009007","东段村六组","4","10953","T","",""
"821","10967","107007010","南坻坞村","3","8097","T","",""
"822","11851","107007010001","南坻坞村村委","4","10967","T","",""
"823","11852","107007010002","南坻坞村一组","4","10967","T","",""
"824","11853","107007010003","南坻坞村二组","4","10967","T","",""
"825","11854","107007010004","南坻坞村三组","4","10967","T","",""
"826","11855","107007010005","南坻坞村谢湾组","4","10967","T","",""
"827","11856","107007010006","南坻坞村陈家坡","4","10967","T","",""
"828","11857","107007010007","南坻坞村歇柴沟组","4","10967","T","",""
"829","11858","107007010008","南坻坞村北缸沟组","4","10967","T","",""
"830","11859","107007010009","南坻坞村长岭组","4","10967","T","",""
"831","11860","107007010010","南坻坞村中缸沟组","4","10967","T","",""
"832","11861","107007010011","南坻坞村寺坡组","4","10967","T","",""
"833","11862","107007010012","南坻坞村燕门山组","4","10967","T","",""
"834","11863","107007010013","南坻坞村东沟组","4","10967","T","",""
"835","11864","107007010014","南坻坞村后寺峪组","4","10967","T","",""
"836","11865","107007010015","南坻坞村前寺峪组","4","10967","T","",""
"837","11867","107007010017","南坻坞村南缸沟组","4","10967","T","",""
"838","11868","107007010018","南坻坞村寨沟组","4","10967","T","",""
"839","11869","107007010019","南坻坞村东南坡组","4","10967","T","",""
"840","10973","107007011","北坻坞村","3","8097","T","",""
"841","11878","107007011001","北坻坞村村委","4","10973","T","",""
"842","11881","107007011002","北坻坞村一组","4","10973","T","",""
"843","11884","107007011003","北坻坞村二组","4","10973","T","",""
"844","11885","107007011004","北坻坞村三组","4","10973","T","",""
"845","11886","107007011005","北坻坞村东坡东组","4","10973","T","",""
"846","11887","107007011006","北坻坞村土壕峪组","4","10973","T","",""
"847","11888","107007011007","北坻坞村四组","4","10973","T","",""
"848","11889","107007011008","北坻坞村温庄组","4","10973","T","",""
"849","11890","107007011009","北坻坞村前南组","4","10973","T","",""
"850","11891","107007011010","北坻坞村前北组","4","10973","T","",""
"851","11892","107007011011","北坻坞村东坡西组","4","10973","T","",""
"852","10977","107007012","上西村村","3","8097","T","",""
"853","11897","107007012005","上西村村委","4","10977","T","",""
"854","12372","107007012006","上西村前组","4","10977","T","",""
"855","12373","107007012007","上西村中组","4","10977","T","",""
"856","12375","107007012008","上西村后组","4","10977","T","",""
"857","12377","107007012009","上西村西坡组","4","10977","T","",""
"858","10982","107007013","高堂村","3","8097","T","",""
"859","11898","107007013001","高堂村村委","4","10982","T","",""
"860","11899","107007013002","高堂村下沟组","4","10982","T","",""
"861","11900","107007013003","高堂村林家沟组","4","10982","T","",""
"862","11901","107007013004","高堂村高堂组","4","10982","T","",""
"863","11902","107007013005","高堂村前岭组","4","10982","T","",""
"864","11903","107007013006","高堂村赵庄组","4","10982","T","",""
"865","10987","107007014","台口村","3","8097","T","",""
"866","11904","107007014001","台口村村委","4","10987","T","",""
"867","11905","107007014002","台口村磨石沟组","4","10987","T","",""
"868","11906","107007014003","台口村庙西沟组","4","10987","T","",""
"869","11907","107007014004","台口村羊虎崖组","4","10987","T","",""
"870","11908","107007014005","台口村台口组","4","10987","T","",""
"871","11909","107007014006","台口村东风沟组","4","10987","T","",""
"872","11910","107007014007","台口村杨家门组","4","10987","T","",""
"873","8098","107008","南村乡","2","8089","T","",""
"874","10510","107008001","南村村","3","8098","T","",""
"875","10514","107008001001","南村村委","4","10510","T","",""
"876","10515","107008001002","南村村一组","4","10510","T","",""
"877","10516","107008001003","南村村二组","4","10510","T","",""
"878","10519","107008001004","南村村三组","4","10510","T","",""
"879","10541","107008002","仁村村","3","8098","T","",""
"880","10543","107008002001","仁村村委","4","10541","T","",""
"881","10546","107008002002","仁村一组","4","10541","T","",""
"882","10548","107008002003","仁村二组","4","10541","T","",""
"883","10552","107008003","青山村","3","8098","T","",""
"884","10555","107008003001","青山村委","4","10552","T","",""
"885","10556","107008003002","青山一组","4","10552","T","",""
"886","10558","107008003003","青山二组","4","10552","T","",""
"887","10559","107008003004","青山三组","4","10552","T","",""
"888","10560","107008003005","青山四组","4","10552","T","",""
"889","10561","107008003006","青山五组","4","10552","T","",""
"890","10562","107008003007","青山六组","4","10552","T","",""
"891","10565","107008004","柏树村","3","8098","T","",""
"892","10566","107008004001","柏树村委","4","10565","T","",""
"893","10567","107008004002","柏树一组","4","10565","T","",""
"894","10568","107008004003","柏树二组","4","10565","T","",""
"895","10569","107008004004","柏树三组","4","10565","T","",""
"896","10570","107008004005","柏树四组","4","10565","T","",""
"897","10571","107008004006","柏树五组","4","10565","T","",""
"898","10572","107008005","后川村","3","8098","T","",""
"899","10573","107008005001","后川村委","4","10572","T","",""
"900","10575","107008005002","后川一组","4","10572","T","",""
"901","10576","107008005003","后川二组","4","10572","T","",""
"902","10577","107008005004","后川三组","4","10572","T","",""
"903","10580","107008005005","后川四组","4","10572","T","",""
"904","10581","107008005006","后川五组","4","10572","T","",""
"905","10582","107008005007","后川六组","4","10572","T","",""
"906","10583","107008005008","后川七组","4","10572","T","",""
"907","10584","107008005009","后川八组","4","10572","T","",""
"908","10587","107008005010","后川九组","4","10572","T","",""
"909","10588","107008005011","后川十组","4","10572","T","",""
"910","10589","107008006","关底村","3","8098","T","",""
"911","10590","107008006001","关地村委","4","10589","T","",""
"912","10592","107008006002","关地一组","4","10589","T","",""
"913","10593","107008006003","关地二组","4","10589","T","",""
"914","10594","107008006004","关地三组","4","10589","T","",""
"915","10595","107008006005","关地四组","4","10589","T","",""
"916","10597","107008006006","关地五组","4","10589","T","",""
"917","10600","107008006007","关地六组","4","10589","T","",""
"918","10601","107008006008","关地七组","4","10589","T","",""
"919","10602","107008006009","关地八组","4","10589","T","",""
"920","10604","107008006010","关地九组","4","10589","T","",""
"921","10605","107008006011","关地十组","4","10589","T","",""
"922","10606","107008007","南洼村","3","8098","T","",""
"923","10607","107008007001","南洼村委","4","10606","T","",""
"924","10608","107008007002","南洼一组","4","10606","T","",""
"925","10609","107008007003","南洼二组","4","10606","T","",""
"926","10612","107008007004","南洼三组","4","10606","T","",""
"927","10613","107008007005","南洼四组","4","10606","T","",""
"928","10616","107008007006","南洼五组","4","10606","T","",""
"929","10619","107008007007","南洼六组","4","10606","T","",""
"930","10620","107008007008","南洼七组","4","10606","T","",""
"931","10622","107008007009","南洼八组","4","10606","T","",""
"932","10624","107008007010","南洼九组","4","10606","T","",""
"933","10626","107008008","山底村","3","8098","T","",""
"934","10627","107008008001","山底村委","4","10626","T","",""
"935","10629","107008008002","山底一组","4","10626","T","",""
"936","10630","107008008003","山底二组","4","10626","T","",""
"937","10631","107008008004","山底三组","4","10626","T","",""
"938","10632","107008008005","山底四组","4","10626","T","",""
"939","10634","107008008006","山底五组","4","10626","T","",""
"940","10635","107008008007","山底六组","4","10626","T","",""
"941","10636","107008008008","山底七组","4","10626","T","",""
"942","10638","107008008009","山底八组","4","10626","T","",""
"943","10641","107008009","金灯河村","3","8098","T","",""
"944","10642","107008009001","金灯河村委","4","10641","T","",""
"945","10646","107008009002","金灯河一组","4","10641","T","",""
"946","10647","107008009003","金灯河二组","4","10641","T","",""
"947","10649","107008009004","金灯河三组","4","10641","T","",""
"948","10653","107008010","林场村","3","8098","T","",""
"949","10655","107008010001","林场村委","4","10653","T","",""
"950","18837","107008011","转移支付","3","8098","T","",""
"951","18838","107008011001","村级","4","18837","T","",""
"952","18839","107008011002","资金","4","18837","T","",""
"953","8099","107009","段村乡","2","8089","T","",""
"954","10509","107009001","段村村","3","8099","T","",""
"955","10611","107009001001","段村村委","4","10509","T","",""
"956","11783","107009001002","东组","4","10509","T","",""
"957","11784","107009001003","西组","4","10509","T","",""
"958","11785","107009001004","南山","4","10509","T","",""
"959","11786","107009001005","八洼","4","10509","T","",""
"960","11787","107009001006","西沟","4","10509","T","",""
"961","11788","107009001007","原上","4","10509","T","",""
"962","11789","107009001008","川组","4","10509","T","",""
"963","10615","107009012","上涧村","3","8099","T","",""
"964","10618","107009012001","上涧村委","4","10615","T","",""
"965","11790","107009012002","南组","4","10615","T","",""
"966","11791","107009012003","北组","4","10615","T","",""
"967","11792","107009012004","石道坡","4","10615","T","",""
"968","11793","107009012005","断玉","4","10615","T","",""
"969","11794","107009012006","北山","4","10615","T","",""
"970","11795","107009012007","南庄","4","10615","T","",""
"971","10621","107009013","中关","3","8099","T","",""
"972","10623","107009013001","中关村委","4","10621","T","",""
"973","11796","107009013002","南组","4","10621","T","",""
"974","11797","107009013003","北组","4","10621","T","",""
"975","11798","107009013004","下中关","4","10621","T","",""
"976","11799","107009013005","关家园","4","10621","T","",""
"977","11800","107009013006","李家岭","4","10621","T","",""
"978","11801","107009013007","赵前","4","10621","T","",""
"979","11802","107009013008","赵后","4","10621","T","",""
"980","11803","107009013009","西沟","4","10621","T","",""
"981","11804","107009013010","庙岭","4","10621","T","",""
"982","11805","107009013011","寺沟","4","10621","T","",""
"983","11806","107009013012","岭后","4","10621","T","",""
"984","11807","107009013013","上沟","4","10621","T","",""
"985","10625","107009014","东庄沟村","3","8099","T","",""
"986","10628","107009014001","东庄沟村委","4","10625","T","",""
"987","11808","107009014002","石峰玉","4","10625","T","",""
"988","11809","107009014003","石头疙瘩","4","10625","T","",""
"989","11810","107009014004","涧西","4","10625","T","",""
"990","11811","107009014005","东庄沟","4","10625","T","",""
"991","11812","107009014006","上庄","4","10625","T","",""
"992","11813","107009014007","二和沟","4","10625","T","",""
"993","11814","107009014008","上河","4","10625","T","",""
"994","11815","107009014009","陈家山","4","10625","T","",""
"995","11816","107009014010","许家山","4","10625","T","",""
"996","11817","107009014011","南洼","4","10625","T","",""
"997","11818","107009014012","后沟","4","10625","T","",""
"998","10633","107009015","柏隆","3","8099","T","",""
"999","10637","107009015001","柏隆村委","4","10633","T","",""
"1000","11819","107009015002","刘洼沟","4","10633","T","",""
"1001","11820","107009015003","西沟","4","10633","T","",""
"1002","11821","107009015004","庙后","4","10633","T","",""
"1003","11822","107009015005","柏隆","4","10633","T","",""
"1004","11823","107009015006","何家洼","4","10633","T","",""
"1005","11824","107009015007","牙山","4","10633","T","",""
"1006","11825","107009015008","伏虎","4","10633","T","",""
"1007","11826","107009015009","安沟","4","10633","T","",""
"1008","10644","107009016","中朝","3","8099","T","",""
"1009","10648","107009016001","中朝村委","4","10644","T","",""
"1010","11827","107009016002","驼腰","4","10644","T","",""
"1011","11828","107009016003","中朝","4","10644","T","",""
"1012","11829","107009016004","牛章沟","4","10644","T","",""
"1013","11830","107009016005","吉家岭","4","10644","T","",""
"1014","11831","107009016006","前沟","4","10644","T","",""
"1015","11832","107009016007","林场","4","10644","T","",""
"1016","11833","107009016008","西疙瘩","4","10644","T","",""
"1017","10652","107009017","四龙庙村","3","8099","T","",""
"1018","10654","107009017001","四龙庙村委","4","10652","T","",""
"1019","11834","107009017002","两疙瘩","4","10652","T","",""
"1020","11835","107009017003","宋沟","4","10652","T","",""
"1021","11836","107009017004","王沟","4","10652","T","",""
"1022","11837","107009017005","北坡","4","10652","T","",""
"1023","11838","107009017006","丁阳沟","4","10652","T","",""
"1024","11839","107009017007","四龙庙","4","10652","T","",""
"1025","11840","107009017008","下院","4","10652","T","",""
"1026","11841","107009017009","羊角岭","4","10652","T","",""
"1027","11842","107009017010","西岭","4","10652","T","",""
"1028","11843","107009017011","张疙瘩","4","10652","T","",""
"1029","10658","107009018","赵沟村","3","8099","T","",""
"1030","10659","107009018001","赵沟村委","4","10658","T","",""
"1031","11844","107009018002","上岭","4","10658","T","",""
"1032","11845","107009018003","南组","4","10658","T","",""
"1033","11846","107009018004","北组","4","10658","T","",""
"1034","11847","107009018005","北山","4","10658","T","",""
"1035","11848","107009018006","前窑","4","10658","T","",""
"1036","11849","107009018007","张窑","4","10658","T","",""
"1037","11850","107009018008","后沟","4","10658","T","",""
"1038","10662","107009019","宋村村","3","8099","T","",""
"1039","10664","107009019001","宋村村委","4","10662","T","",""
"1040","11879","107009019002","下中朝","4","10662","T","",""
"1041","11880","107009019003","宋村","4","10662","T","",""
"1042","11882","107009019004","东坡","4","10662","T","",""
"1043","11883","107009019005","落玉","4","10662","T","",""
"1044","10667","107009020","南岭村","3","8099","T","",""
"1045","10670","107009020001","南岭村委","4","10667","T","",""
"1046","11870","107009020002","西沟","4","10667","T","",""
"1047","11871","107009020003","南岭","4","10667","T","",""
"1048","11872","107009020004","李树洼","4","10667","T","",""
"1049","11873","107009020005","海元","4","10667","T","",""
"1050","11874","107009020006","石板安","4","10667","T","",""
"1051","11875","107009020007","上山","4","10667","T","",""
"1052","10673","107009021","林场村","3","8099","T","",""
"1053","10676","107009021001","林场村委","4","10673","T","",""
"1054","11876","107009021002","董家洼","4","10673","T","",""
"1055","11877","107009021003","上岭","4","10673","T","",""
"1056","13714","107009023","段村乡村财务中心","3","8099","T","",""
"1057","13715","107009023001","段村乡村财务中心","4","13714","T","",""
"1058","8100","107010","坡头乡","2","8089","T","",""
"1059","10639","107010001","坡头村","3","8100","T","",""
"1060","10645","107010001001","坡头村村委","4","10639","T","",""
"1061","10650","107010001002","坡头村一组","4","10639","T","",""
"1062","10709","107010001003","坡头村二组","4","10639","T","",""
"1063","10888","107010002","岭南村","3","8100","T","",""
"1064","10889","107010002001","岭南村村委","4","10888","T","",""
"1065","10891","107010002002","岭南村一组","4","10888","T","",""
"1066","10923","107010002003","岭南村二组","4","10888","T","",""
"1067","10892","107010003","西川村","3","8100","T","",""
"1068","10927","107010003001","西川村村委","4","10892","T","",""
"1069","10932","107010003002","西川村一组","4","10892","T","",""
"1070","10934","107010003003","西川村二组","4","10892","T","",""
"1071","10893","107010004","汪坟村","3","8100","T","",""
"1072","10936","107010004001","汪坟村村委","4","10893","T","",""
"1073","10954","107010004002","汪坟村一组","4","10893","T","",""
"1074","10955","107010004003","汪坟村二组","4","10893","T","",""
"1075","10894","107010005","茹窑村","3","8100","T","",""
"1076","10956","107010005001","茹窑村村委","4","10894","T","",""
"1077","10957","107010005002","茹窑村一组","4","10894","T","",""
"1078","10958","107010005003","茹窑村二组","4","10894","T","",""
"1079","10895","107010006","城头村","3","8100","T","",""
"1080","10986","107010006001","城头村村委","4","10895","T","",""
"1081","10990","107010006002","城头村一组","4","10895","T","",""
"1082","10992","107010006003","城头村二组","4","10895","T","",""
"1083","10896","107010007","泰山村","3","8100","T","",""
"1084","10994","107010007001","泰山村村委","4","10896","T","",""
"1085","10995","107010007002","泰山村贾家洼组","4","10896","T","",""
"1086","10996","107010007003","泰山村二组","4","10896","T","",""
"1087","10897","107010008","观吊村","3","8100","T","",""
"1088","10998","107010008001","观吊村村委","4","10897","T","",""
"1089","11000","107010008002","观吊村一组","4","10897","T","",""
"1090","11001","107010008003","观吊村二组","4","10897","T","",""
"1091","10898","107010009","杨树洼村","3","8100","T","",""
"1092","11004","107010009001","杨树洼村村委","4","10898","T","",""
"1093","11006","107010009002","杨树洼村一组","4","10898","T","",""
"1094","11009","107010009003","杨树洼村二组","4","10898","T","",""
"1095","10900","107010010","土岭村","3","8100","T","",""
"1096","11012","107010010001","土岭村村委","4","10900","T","",""
"1097","11013","107010010002","土岭村一组","4","10900","T","",""
"1098","11016","107010010003","土岭村二组","4","10900","T","",""
"1099","10902","107010011","韩家坑村","3","8100","T","",""
"1100","11020","107010011001","韩家坑村村委","4","10902","T","",""
"1101","11022","107010011002","韩家坑村一组","4","10902","T","",""
"1102","11025","107010011003","韩家坑村二组","4","10902","T","",""
"1103","10905","107010012","韶峰村","3","8100","T","",""
"1104","11026","107010012001","韶峰村村委","4","10905","T","",""
"1105","11029","107010012002","韶峰村一组","4","10905","T","",""
"1106","11030","107010012003","韶峰村二组","4","10905","T","",""
"1107","10909","107010013","不召寨村","3","8100","T","",""
"1108","11031","107010013001","不召寨村村委","4","10909","T","",""
"1109","11033","107010013002","不召寨村一组","4","10909","T","",""
"1110","11039","107010013003","不召寨村二组","4","10909","T","",""
"1111","10914","107010014","白羊山村","3","8100","T","",""
"1112","11041","107010014001","白羊山村村委","4","10914","T","",""
"1113","11042","107010014002","白羊山村一组","4","10914","T","",""
"1114","11044","107010014003","白羊山村二组","4","10914","T","",""
"1115","8101","107011","陈村乡","2","8089","T","",""
"1116","8291","107011001","陈村村","3","8101","T","",""
"1117","13728","107011001002","陈村村委","4","8291","T","",""
"1118","8292","107011002","后河村","3","8101","T","",""
"1119","8316","107011002001","后河村委","4","8292","T","",""
"1120","8293","107011003","贯沟村","3","8101","T","",""
"1121","8317","107011003001","贯沟村委","4","8293","T","",""
"1122","8294","107011004","石板沟村","3","8101","T","",""
"1123","8318","107011004001","石板沟村委","4","8294","T","",""
"1124","8295","107011005","范洼村","3","8101","T","",""
"1125","8319","107011005001","范洼村委","4","8295","T","",""
"1126","8296","107011006","口里村","3","8101","T","",""
"1127","8320","107011006001","口里村委","4","8296","T","",""
"1128","8297","107011007","五爱村","3","8101","T","",""
"1129","8321","107011007001","五爱村委","4","8297","T","",""
"1130","8298","107011008","一心村","3","8101","T","",""
"1131","8322","107011008001","一心村委","4","8298","T","",""
"1132","8299","107011009","白浪村","3","8101","T","",""
"1133","8323","107011009001","白浪村委","4","8299","T","",""
"1134","8300","107011010","槐扒村","3","8101","T","",""
"1135","8324","107011010001","槐扒村委","4","8300","T","",""
"1136","8301","107011011","黄花村","3","8101","T","",""
"1137","8325","107011011001","黄花村委","4","8301","T","",""
"1138","8302","107011012","鱼池村","3","8101","T","",""
"1139","8326","107011012001","鱼池村委","4","8302","T","",""
"1140","8303","107011013","苜蓿村","3","8101","T","",""
"1141","8327","107011013001","苜蓿村委","4","8303","T","",""
"1142","8304","107011014","滹沱村","3","8101","T","",""
"1143","8328","107011014001","滹沱村委","4","8304","T","",""
"1144","8305","107011015","万寿村","3","8101","T","",""
"1145","8329","107011015001","万寿村委","4","8305","T","",""
"1146","8306","107011016","南庄村","3","8101","T","",""
"1147","8350","107011016001","南庄村委","4","8306","T","",""
"1148","8307","107011017","池底村","3","8101","T","",""
"1149","8351","107011017001","池底村委","4","8307","T","",""
"1150","8308","107011018","段村村","3","8101","T","",""
"1151","8352","107011018001","段村村委","4","8308","T","",""
"1152","8380","107011018003","段村村段西组","4","8308","T","",""
"1153","8381","107011018004","段村村上河组","4","8308","T","",""
"1154","8382","107011018005","段村村北庄组","4","8308","T","",""
"1155","8383","107011018006","段村村段东组","4","8308","T","",""
"1156","8384","107011018007","段村村丁中组","4","8308","T","",""
"1157","8387","107011018008","段村村东河组","4","8308","T","",""
"1158","8388","107011018009","段村村丁三组","4","8308","T","",""
"1159","8389","107011018010","段村村丁西组","4","8308","T","",""
"1160","8309","107011019","永家院村","3","8101","T","",""
"1161","8353","107011019001","永家院村委","4","8309","T","",""
"1162","8310","107011020","朱城村","3","8101","T","",""
"1163","8354","107011020001","朱城村委","4","8310","T","",""
"1164","8311","107011021","下马头村","3","8101","T","",""
"1165","8355","107011021001","下马头村委","4","8311","T","",""
"1166","8392","107011021003","下马头村四组","4","8311","T","",""
"1167","8394","107011021004","下马头村五组","4","8311","T","",""
"1168","8396","107011021005","下马头村二组","4","8311","T","",""
"1169","8398","107011021006","下马头村七组","4","8311","T","",""
"1170","8400","107011021007","下马头村八组","4","8311","T","",""
"1171","8312","107011022","柳永村","3","8101","T","",""
"1172","8356","107011022001","柳永村委","4","8312","T","",""
"1173","8313","107011023","韶兴村","3","8101","T","",""
"1174","8357","107011023001","韶兴村委","4","8313","T","",""
"1175","11066","107011024","陈村乡村财务服务中心","3","8101","T","",""
"1176","11072","107011024001","陈村乡村组户","4","11066","T","",""
"1177","13726","107011025","000","3","8101","T","",""
"1178","13727","107011025001","陈村村委","4","13726","T","",""
"1179","8103","107013","英豪镇","2","8089","T","",""
"1180","10809","107013001","英东村","3","8103","T","",""
"1181","10833","107013001001","英东村村委","4","10809","T","",""
"1182","10811","107013002","英西村","3","8103","T","",""
"1183","10835","107013002001","英西村村委","4","10811","T","",""
"1184","10815","107013003","东马村","3","8103","T","",""
"1185","10839","107013003001","东马村村委","4","10815","T","",""
"1186","10818","107013004","谷水村","3","8103","T","",""
"1187","10845","107013004001","谷水村村委","4","10818","T","",""
"1188","10819","107013005","西曲村","3","8103","T","",""
"1189","10847","107013005001","西曲村村委","4","10819","T","",""
"1190","10826","107013006","槐树洼村","3","8103","T","",""
"1191","10850","107013006001","槐树洼村村委","4","10826","T","",""
"1192","10830","107013007","苇园洼村","3","8103","T","",""
"1193","10852","107013007001","苇园洼村村委","4","10830","T","",""
"1194","10831","107013008","姜王庄村","3","8103","T","",""
"1195","10854","107013008001","姜王庄村村委","4","10831","T","",""
"1196","10859","107013009","后营村","3","8103","T","",""
"1197","10861","107013009001","后营村村委","4","10859","T","",""
"1198","10863","107013010","周家山村","3","8103","T","",""
"1199","10866","107013010001","周家山村村委","4","10863","T","",""
"1200","10868","107013011","王沟村","3","8103","T","",""
"1201","10870","107013011001","王沟村村委","4","10868","T","",""
"1202","10873","107013012","翟延村","3","8103","T","",""
"1203","10876","107013012001","翟延村村委","4","10873","T","",""
"1204","10883","107013013","水源村","3","8103","T","",""
"1205","10884","107013013001","水源村村委","4","10883","T","",""
"1206","10885","107013014","寺庄村","3","8103","T","",""
"1207","10886","107013014001","寺庄村村委","4","10885","T","",""
"1208","10887","107013015","寺庄坪村","3","8103","T","",""
"1209","10890","107013015001","寺庄坪村村委","4","10887","T","",""
"1210","10899","107013016","东七村","3","8103","T","",""
"1211","10901","107013016001","东七村村委","4","10899","T","",""
"1212","10903","107013017","西英豪村","3","8103","T","",""
"1213","10904","107013017001","西英豪村村委","4","10903","T","",""
"1214","10906","107013018","东城南村","3","8103","T","",""
"1215","10907","107013018001","东城南村村委","4","10906","T","",""
"1216","10908","107013019","王都村","3","8103","T","",""
"1217","10910","107013019001","王都村村委","4","10908","T","",""
"1218","10911","107013020","西城南村","3","8103","T","",""
"1219","10913","107013020001","西城南村村委","4","10911","T","",""
"1220","10915","107013021","王家坪村","3","8103","T","",""
"1221","10918","107013021001","王家坪村村委","4","10915","T","",""
"1222","10920","107013022","富村","3","8103","T","",""
"1223","10921","107013022001","富村村委","4","10920","T","",""
"1224","10924","107013023","吴窑头村","3","8103","T","",""
"1225","10928","107013023001","吴窑头村村委","4","10924","T","",""
"1226","10930","107013024","南马村","3","8103","T","",""
"1227","10933","107013024001","南马村村委","4","10930","T","",""
"1228","10951","107013025","牛王岭村","3","8103","T","",""
"1229","10952","107013025001","牛王岭村村委","4","10951","T","",""
"1230","10964","107013026","上曲村","3","8103","T","",""
"1231","10966","107013026001","上曲村村委","4","10964","T","",""
"1232","10968","107013027","孟窑头村","3","8103","T","",""
"1233","10970","107013027001","孟窑头村村委","4","10968","T","",""
"1234","10971","107013028","西安头村","3","8103","T","",""
"1235","10974","107013028001","西安头村村委","4","10971","T","",""
"1236","10976","107013029","英新村","3","8103","T","",""
"1237","10978","107013029001","英新村村委","4","10976","T","",""
"1238","10980","107013030","仁灵村","3","8103","T","",""
"1239","10981","107013030001","仁灵村村委","4","10980","T","",""
"1240","10984","107013031","槐英村","3","8103","T","",""
"1241","10985","107013031001","槐英村村委","4","10984","T","",""
"1242","10988","107013032","新岭村","3","8103","T","",""
"1243","10991","107013032001","新岭村村委","4","10988","T","",""
"1244","8104","107014","张村镇","2","8089","T","",""
"1245","8105","107014001","张村","3","8104","T","",""
"1246","8118","107014001001","张村村委","4","8105","T","",""
"1247","8119","107014001002","张村村张南组","4","8105","T","",""
"1248","8120","107014001003","张村村张西组","4","8105","T","",""
"1249","8121","107014001004","张村村张中组","4","8105","T","",""
"1250","8122","107014001005","张村村张北组","4","8105","T","",""
"1251","8123","107014001006","张村村东一组","4","8105","T","",""
"1252","8124","107014001007","张村村东二组","4","8105","T","",""
"1253","8125","107014001008","张村村张后组","4","8105","T","",""
"1254","8126","107014001009","张村村东上组","4","8105","T","",""
"1255","8106","107014002","杜家","3","8104","T","",""
"1256","8131","107014002001","杜家村委","4","8106","T","",""
"1257","8132","107014002002","杜家村一组","4","8106","T","",""
"1258","8133","107014002003","杜家村二组","4","8106","T","",""
"1259","8134","107014002004","杜家村三组","4","8106","T","",""
"1260","8135","107014002005","杜家村四组","4","8106","T","",""
"1261","8136","107014002006","杜家村五组","4","8106","T","",""
"1262","8137","107014002007","杜家村六组","4","8106","T","",""
"1263","8138","107014002008","杜家村七组","4","8106","T","",""
"1264","8139","107014002009","杜家村八组","4","8106","T","",""
"1265","8141","107014002011","杜家村九组","4","8106","T","",""
"1266","8107","107014003","河南庄","3","8104","T","",""
"1267","8142","107014003001","河南庄村委","4","8107","T","",""
"1268","8143","107014003002","河南庄一组","4","8107","T","",""
"1269","8144","107014003003","河南庄二组","4","8107","T","",""
"1270","8145","107014003004","河南庄三组","4","8107","T","",""
"1271","8146","107014003005","河南庄四组","4","8107","T","",""
"1272","8147","107014003006","河南庄五组","4","8107","T","",""
"1273","8148","107014003007","河南庄六组","4","8107","T","",""
"1274","8149","107014003008","河南庄七组","4","8107","T","",""
"1275","8150","107014003009","河南庄八组","4","8107","T","",""
"1276","8108","107014004","荆村","3","8104","T","",""
"1277","8151","107014004001","荆村村委","4","8108","T","",""
"1278","8152","107014004002","荆村西东组","4","8108","T","",""
"1279","8153","107014004003","荆村西西组","4","8108","T","",""
"1280","8154","107014004004","荆村关坡组","4","8108","T","",""
"1281","8155","107014004005","荆村南地组","4","8108","T","",""
"1282","8156","107014004006","荆村观洼组","4","8108","T","",""
"1283","8157","107014004007","荆村杨窑组","4","8108","T","",""
"1284","8158","107014004008","荆村荆上组","4","8108","T","",""
"1285","8159","107014004009","荆村荆下组","4","8108","T","",""
"1286","8109","107014005","秦村","3","8104","T","",""
"1287","8160","107014005001","秦村村委","4","8109","T","",""
"1288","8161","107014005002","秦村一组","4","8109","T","",""
"1289","8162","107014005003","秦村二组","4","8109","T","",""
"1290","8163","107014005004","秦村三组","4","8109","T","",""
"1291","8164","107014005005","秦村四组","4","8109","T","",""
"1292","8165","107014005006","秦村五组","4","8109","T","",""
"1293","8166","107014005007","秦村六组","4","8109","T","",""
"1294","8167","107014005008","秦村七组","4","8109","T","",""
"1295","8168","107014005009","秦村八组","4","8109","T","",""
"1296","8169","107014005010","秦村九组","4","8109","T","",""
"1297","8110","107014006","安北","3","8104","T","",""
"1298","8170","107014006001","安北村委","4","8110","T","",""
"1299","8171","107014006002","安北村一村","4","8110","T","",""
"1300","8172","107014006003","安北村东二组","4","8110","T","",""
"1301","8173","107014006004","安北村西二组","4","8110","T","",""
"1302","8174","107014006005","安北村三组","4","8110","T","",""
"1303","8175","107014006006","安北村四组","4","8110","T","",""
"1304","8176","107014006007","安北村五组","4","8110","T","",""
"1305","8177","107014006008","安北村东六组","4","8110","T","",""
"1306","8178","107014006009","安北村西六组","4","8110","T","",""
"1307","8179","107014006010","安北村七组","4","8110","T","",""
"1308","8180","107014006011","安北村八组","4","8110","T","",""
"1309","8181","107014006012","安北村九组","4","8110","T","",""
"1310","8111","107014007","漏泉","3","8104","T","",""
"1311","8182","107014007001","漏泉村委","4","8111","T","",""
"1312","8183","107014007002","漏泉村一组","4","8111","T","",""
"1313","8184","107014007003","漏泉村二组","4","8111","T","",""
"1314","8185","107014007004","漏泉村三组","4","8111","T","",""
"1315","8186","107014007005","漏泉村四组","4","8111","T","",""
"1316","8187","107014007006","漏泉村五组","4","8111","T","",""
"1317","8188","107014007007","漏泉村六组","4","8111","T","",""
"1318","8189","107014007008","漏泉村七组","4","8111","T","",""
"1319","8190","107014007009","漏泉村八组","4","8111","T","",""
"1320","8191","107014007010","漏泉村九组","4","8111","T","",""
"1321","8192","107014007011","漏泉村十组","4","8111","T","",""
"1322","8193","107014007012","漏泉村十一组","4","8111","T","",""
"1323","8194","107014007013","漏泉村十二组","4","8111","T","",""
"1324","8112","107014008","曹窑","3","8104","T","",""
"1325","8195","107014008001","曹窑村委","4","8112","T","",""
"1326","8196","107014008002","曹窑村123组","4","8112","T","",""
"1327","8197","107014008003","曹窑村东沟组","4","8112","T","",""
"1328","8198","107014008004","曹窑村上洼组","4","8112","T","",""
"1329","8199","107014008005","曹窑村南窑组","4","8112","T","",""
"1330","8200","107014008006","曹窑村柏树组","4","8112","T","",""
"1331","8201","107014008007","曹窑村岭东组","4","8112","T","",""
"1332","8202","107014008008","曹窑村西沟组","4","8112","T","",""
"1333","8203","107014008009","曹窑村前一组","4","8112","T","",""
"1334","8204","107014008010","曹窑村新阳组","4","8112","T","",""
"1335","8205","107014008011","曹窑村前二组","4","8112","T","",""
"1336","8206","107014008012","曹窑村上沟组","4","8112","T","",""
"1337","8207","107014008013","曹窑村杨上组","4","8112","T","",""
"1338","8208","107014008014","曹窑村料沟组","4","8112","T","",""
"1339","8113","107014009","三化沟","3","8104","T","",""
"1340","8209","107014009001","三化沟村委","4","8113","T","",""
"1341","8210","107014009002","三化沟村料坡组","4","8113","T","",""
"1342","8211","107014009003","三化沟村杨下组","4","8113","T","",""
"1343","8212","107014009004","三化沟村硖石组","4","8113","T","",""
"1344","8213","107014009005","三化沟村石圪节组","4","8113","T","",""
"1345","8214","107014009006","三化沟村上门组","4","8113","T","",""
"1346","8215","107014009007","三化沟村下门组","4","8113","T","",""
"1347","8216","107014009008","三化沟村上沟组","4","8113","T","",""
"1348","8217","107014009009","三化沟村高盘岭组","4","8113","T","",""
"1349","8218","107014009010","三化沟村王嘴组","4","8113","T","",""
"1350","8219","107014009011","三化沟村上岩组","4","8113","T","",""
"1351","8114","107014010","桑树坪","3","8104","T","",""
"1352","8220","107014010001","桑树坪村委","4","8114","T","",""
"1353","8221","107014010002","桑树坪村车不离河组","4","8114","T","",""
"1354","8222","107014010003","桑树坪村花村岭组","4","8114","T","",""
"1355","8223","107014010004","桑树坪村元场组","4","8114","T","",""
"1356","8224","107014010005","桑树坪村桑树坪组","4","8114","T","",""
"1357","8225","107014010006","桑树坪村南坡组","4","8114","T","",""
"1358","8226","107014010007","桑树坪村大坡根组","4","8114","T","",""
"1359","8227","107014010008","桑树坪村北场组","4","8114","T","",""
"1360","8228","107014010009","桑树坪村西场组","4","8114","T","",""
"1361","8229","107014010010","桑树坪村岩子口组","4","8114","T","",""
"1362","8230","107014010011","桑树坪村关家底组","4","8114","T","",""
"1363","8231","107014010012","桑树坪村宅沟组","4","8114","T","",""
"1364","8115","107014011","高桥","3","8104","T","",""
"1365","8232","107014011001","高桥村委","4","8115","T","",""
"1366","8233","107014011002","高桥村西坡组","4","8115","T","",""
"1367","8234","107014011003","高桥村富圪塔组","4","8115","T","",""
"1368","8235","107014011004","高桥村矿脑组","4","8115","T","",""
"1369","8236","107014011005","高桥村南马院组","4","8115","T","",""
"1370","8237","107014011006","高桥村河沟组","4","8115","T","",""
"1371","8238","107014011007","高桥村高桥组","4","8115","T","",""
"1372","8239","107014011008","高桥村上山组","4","8115","T","",""
"1373","8240","107014011009","高桥村朱窝组","4","8115","T","",""
"1374","8116","107014012","杨家新村","3","8104","T","",""
"1375","8241","107014012001","杨家新村村委","4","8116","T","",""
"1376","8242","107014012002","杨家新村杨家组","4","8116","T","",""
"1377","8243","107014012003","杨家新村青山组","4","8116","T","",""
"1378","8244","107014012004","杨家新村关家组","4","8116","T","",""
"1379","8117","107014013","利津","3","8104","T","",""
"1380","8245","107014013001","利津村村委","4","8117","T","",""
"1381","8246","107014013002","利津村班村组","4","8117","T","",""
"1382","8247","107014013003","利津村班西组","4","8117","T","",""
"1383","8248","107014013004","利津村中朝组","4","8117","T","",""
"1384","8249","107014013005","利津村班仁村组","4","8117","T","",""
